x,y,dbmsnr,hzbnr01,region,land_height,mp_height,bottom_line,t_measuring_depth,date,day,month,year,gw-level,yr_max,yr_max_dist,yr_min,yr_min_dist,yr_avg,yr_avg_dist,yr_avg_abs(dist),temp
657285.63,463625.57,1002000,300137,Burgenland,154.76,154.76,151.36,,01.12.1962,1,12,1962,153.3,153.3,0.0,153.3,0.0,0.0,153.3,153.3,
657285.63,463625.57,1002000,300137,Burgenland,154.76,154.76,151.36,,01.01.1963,1,1,1963,153.18,153.49,0.31,153.02,0.16,0.47,152.71,152.71,
657285.63,463625.57,1002000,300137,Burgenland,154.76,154.76,151.36,,01.02.1963,1,2,1963,153.13,153.49,0.36,153.02,0.11,0.47,152.66,152.66,
657285.63,463625.57,1002000,300137,Burgenland,154.76,154.76,151.36,,01.03.1963,1,3,1963,153.38,153.49,0.11,153.02,0.36,0.47,152.91,152.91,
657285.63,463625.57,1002000,300137,Burgenland,154.76,154.76,151.36,,01.04.1963,1,4,1963,153.39,153.49,0.1,153.02,0.37,0.47,152.92,152.92,
657285.63,463625.57,1002000,300137,Burgenland,154.76,154.76,151.36,,01.05.1963,1,5,1963,153.36,153.49,0.13,153.02,0.34,0.47,152.89000000000001,152.89000000000001,
657285.63,463625.57,1002000,300137,Burgenland,154.76,154.76,151.36,,01.06.1963,1,6,1963,153.29,153.49,0.2,153.02,0.27,0.47,152.82,152.82,
657285.63,463625.57,1002000,300137,Burgenland,154.76,154.76,151.36,,01.07.1963,1,7,1963,153.16,153.49,0.33,153.02,0.14,0.47,152.69,152.69,
657285.63,463625.57,1002000,300137,Burgenland,154.76,154.76,151.36,,01.08.1963,1,8,1963,153.09,153.49,0.4,153.02,0.07,0.47,152.62,152.62,
657285.63,463625.57,1002000,300137,Burgenland,154.76,154.76,151.36,,01.09.1963,1,9,1963,153.23,153.49,0.26,153.02,0.21,0.47,152.76,152.76,
657285.63,463625.57,1002000,300137,Burgenland,154.76,154.76,151.36,,01.10.1963,1,10,1963,153.23,153.49,0.26,153.02,0.21,0.47,152.76,152.76,
657285.63,463625.57,1002000,300137,Burgenland,154.76,154.76,151.36,,01.11.1963,1,11,1963,153.24,153.49,0.25,153.02,0.22,0.47,152.77,152.77,
657285.63,463625.57,1002000,300137,Burgenland,154.76,154.76,151.36,,01.12.1963,1,12,1963,153.19,153.49,0.3,153.02,0.17,0.47,152.72,152.72,
657285.63,463625.57,1002000,300137,Burgenland,154.76,154.76,151.36,,01.01.1964,1,1,1964,153.15,153.43,0.28,152.95,0.2,0.48,152.67000000000002,152.67000000000002,
657285.63,463625.57,1002000,300137,Burgenland,154.76,154.76,151.36,,01.02.1964,1,2,1964,153.22,153.43,0.21,152.95,0.27,0.48,152.74,152.74,
657285.63,463625.57,1002000,300137,Burgenland,154.76,154.76,151.36,,01.03.1964,1,3,1964,153.32,153.43,0.11,152.95,0.37,0.48,152.84,152.84,
657285.63,463625.57,1002000,300137,Burgenland,154.76,154.76,151.36,,01.04.1964,1,4,1964,153.3,153.43,0.13,152.95,0.35,0.48,152.82000000000002,152.82000000000002,
657285.63,463625.57,1002000,300137,Burgenland,154.76,154.76,151.36,,01.05.1964,1,5,1964,153.27,153.43,0.16,152.95,0.32,0.48,152.79000000000002,152.79000000000002,
657285.63,463625.57,1002000,300137,Burgenland,154.76,154.76,151.36,,01.06.1964,1,6,1964,153.17,153.43,0.26,152.95,0.22,0.48,152.69,152.69,
657285.63,463625.57,1002000,300137,Burgenland,154.76,154.76,151.36,,01.07.1964,1,7,1964,153.16,153.43,0.27,152.95,0.21,0.48,152.68,152.68,
657285.63,463625.57,1002000,300137,Burgenland,154.76,154.76,151.36,,01.08.1964,1,8,1964,153.0,153.43,0.43,152.95,0.05,0.48,152.52,152.52,
657285.63,463625.57,1002000,300137,Burgenland,154.76,154.76,151.36,,01.09.1964,1,9,1964,152.99,153.43,0.44,152.95,0.04,0.48,152.51000000000002,152.51000000000002,
657285.63,463625.57,1002000,300137,Burgenland,154.76,154.76,151.36,,01.10.1964,1,10,1964,153.2,153.43,0.23,152.95,0.25,0.48,152.72,152.72,
657285.63,463625.57,1002000,300137,Burgenland,154.76,154.76,151.36,,01.11.1964,1,11,1964,153.27,153.43,0.16,152.95,0.32,0.48,152.79000000000002,152.79000000000002,
657285.63,463625.57,1002000,300137,Burgenland,154.76,154.76,151.36,,01.12.1964,1,12,1964,153.26,153.43,0.17,152.95,0.31,0.48,152.78,152.78,
657285.63,463625.57,1002000,300137,Burgenland,154.76,154.76,151.36,,01.01.1965,1,1,1965,153.27,153.54,0.27,153.09,0.18,0.45,152.82000000000002,152.82000000000002,
657285.63,463625.57,1002000,300137,Burgenland,154.76,154.76,151.36,,01.02.1965,1,2,1965,153.36,153.54,0.18,153.09,0.27,0.45,152.91000000000003,152.91000000000003,
657285.63,463625.57,1002000,300137,Burgenland,154.76,154.76,151.36,,01.03.1965,1,3,1965,153.3,153.54,0.24,153.09,0.21,0.45,152.85000000000002,152.85000000000002,
657285.63,463625.57,1002000,300137,Burgenland,154.76,154.76,151.36,,01.04.1965,1,4,1965,153.26,153.54,0.28,153.09,0.17,0.45,152.81,152.81,
657285.63,463625.57,1002000,300137,Burgenland,154.76,154.76,151.36,,01.05.1965,1,5,1965,153.4,153.54,0.14,153.09,0.31,0.45,152.95000000000002,152.95000000000002,
657285.63,463625.57,1002000,300137,Burgenland,154.76,154.76,151.36,,01.06.1965,1,6,1965,153.41,153.54,0.13,153.09,0.32,0.45,152.96,152.96,
657285.63,463625.57,1002000,300137,Burgenland,154.76,154.76,151.36,,01.07.1965,1,7,1965,153.27,153.54,0.27,153.09,0.18,0.45,152.82000000000002,152.82000000000002,
657285.63,463625.57,1002000,300137,Burgenland,154.76,154.76,151.36,,01.08.1965,1,8,1965,153.26,153.54,0.28,153.09,0.17,0.45,152.81,152.81,
657285.63,463625.57,1002000,300137,Burgenland,154.76,154.76,151.36,,01.09.1965,1,9,1965,153.11,153.54,0.43,153.09,0.02,0.45,152.66000000000003,152.66000000000003,
657285.63,463625.57,1002000,300137,Burgenland,154.76,154.76,151.36,,01.10.1965,1,10,1965,153.13,153.54,0.41,153.09,0.04,0.45,152.68,152.68,
657285.63,463625.57,1002000,300137,Burgenland,154.76,154.76,151.36,,01.11.1965,1,11,1965,153.15,153.54,0.39,153.09,0.06,0.45,152.70000000000002,152.70000000000002,
657285.63,463625.57,1002000,300137,Burgenland,154.76,154.76,151.36,,01.12.1965,1,12,1965,153.26,153.54,0.28,153.09,0.17,0.45,152.81,152.81,
657285.63,463625.57,1002000,300137,Burgenland,154.76,154.76,151.36,,01.01.1966,1,1,1966,153.25,153.44,0.19,153.11,0.14,0.33,152.92,152.92,
657285.63,463625.57,1002000,300137,Burgenland,154.76,154.76,151.36,,01.02.1966,1,2,1966,153.41,153.44,0.03,153.11,0.3,0.33,153.07999999999998,153.07999999999998,
657285.63,463625.57,1002000,300137,Burgenland,154.76,154.76,151.36,,01.03.1966,1,3,1966,153.33,153.44,0.11,153.11,0.22,0.33,153.0,153.0,
657285.63,463625.57,1002000,300137,Burgenland,154.76,154.76,151.36,,01.04.1966,1,4,1966,153.26,153.44,0.18,153.11,0.15,0.33,152.92999999999998,152.92999999999998,
657285.63,463625.57,1002000,300137,Burgenland,154.76,154.76,151.36,,01.05.1966,1,5,1966,153.21,153.44,0.23,153.11,0.1,0.33,152.88,152.88,
657285.63,463625.57,1002000,300137,Burgenland,154.76,154.76,151.36,,01.06.1966,1,6,1966,153.19,153.44,0.25,153.11,0.08,0.33,152.85999999999999,152.85999999999999,
657285.63,463625.57,1002000,300137,Burgenland,154.76,154.76,151.36,,01.07.1966,1,7,1966,153.26,153.44,0.18,153.11,0.15,0.33,152.92999999999998,152.92999999999998,
657285.63,463625.57,1002000,300137,Burgenland,154.76,154.76,151.36,,01.08.1966,1,8,1966,153.31,153.44,0.13,153.11,0.2,0.33,152.98,152.98,
657285.63,463625.57,1002000,300137,Burgenland,154.76,154.76,151.36,,01.09.1966,1,9,1966,153.21,153.44,0.23,153.11,0.1,0.33,152.88,152.88,
657285.63,463625.57,1002000,300137,Burgenland,154.76,154.76,151.36,,01.10.1966,1,10,1966,153.17,153.44,0.27,153.11,0.06,0.33,152.83999999999997,152.83999999999997,
657285.63,463625.57,1002000,300137,Burgenland,154.76,154.76,151.36,,01.11.1966,1,11,1966,153.29,153.44,0.15,153.11,0.18,0.33,152.95999999999998,152.95999999999998,
657285.63,463625.57,1002000,300137,Burgenland,154.76,154.76,151.36,,01.12.1966,1,12,1966,153.3,153.44,0.14,153.11,0.19,0.33,152.97,152.97,
657285.63,463625.57,1002000,300137,Burgenland,154.76,154.76,151.36,,01.01.1967,1,1,1967,153.25,153.28,0.03,152.93,0.32,0.35,152.9,152.9,
657285.63,463625.57,1002000,300137,Burgenland,154.76,154.76,151.36,,01.02.1967,1,2,1967,153.18,153.28,0.1,152.93,0.25,0.35,152.83,152.83,
657285.63,463625.57,1002000,300137,Burgenland,154.76,154.76,151.36,,01.03.1967,1,3,1967,153.18,153.28,0.1,152.93,0.25,0.35,152.83,152.83,
657285.63,463625.57,1002000,300137,Burgenland,154.76,154.76,151.36,,01.04.1967,1,4,1967,153.17,153.28,0.11,152.93,0.24,0.35,152.82,152.82,
657285.63,463625.57,1002000,300137,Burgenland,154.76,154.76,151.36,,01.05.1967,1,5,1967,153.13,153.28,0.15,152.93,0.2,0.35,152.78,152.78,
657285.63,463625.57,1002000,300137,Burgenland,154.76,154.76,151.36,,01.06.1967,1,6,1967,153.14,153.28,0.14,152.93,0.21,0.35,152.79,152.79,
657285.63,463625.57,1002000,300137,Burgenland,154.76,154.76,151.36,,01.07.1967,1,7,1967,152.96,153.28,0.32,152.93,0.03,0.35,152.61,152.61,
657285.63,463625.57,1002000,300137,Burgenland,154.76,154.76,151.36,,01.08.1967,1,8,1967,153.03,153.28,0.25,152.93,0.1,0.35,152.68,152.68,
657285.63,463625.57,1002000,300137,Burgenland,154.76,154.76,151.36,,01.09.1967,1,9,1967,153.17,153.28,0.11,152.93,0.24,0.35,152.82,152.82,
657285.63,463625.57,1002000,300137,Burgenland,154.76,154.76,151.36,,01.10.1967,1,10,1967,153.19,153.28,0.09,152.93,0.26,0.35,152.84,152.84,
657285.63,463625.57,1002000,300137,Burgenland,154.76,154.76,151.36,,01.11.1967,1,11,1967,153.19,153.28,0.09,152.93,0.26,0.35,152.84,152.84,
657285.63,463625.57,1002000,300137,Burgenland,154.76,154.76,151.36,,01.12.1967,1,12,1967,153.16,153.28,0.12,152.93,0.23,0.35,152.81,152.81,
657285.63,463625.57,1002000,300137,Burgenland,154.76,154.76,151.36,,01.01.1968,1,1,1968,153.28,153.31,0.03,152.86,0.42,0.45,152.83,152.83,
657285.63,463625.57,1002000,300137,Burgenland,154.76,154.76,151.36,,01.02.1968,1,2,1968,153.21,153.31,0.1,152.86,0.35,0.45,152.76000000000002,152.76000000000002,
657285.63,463625.57,1002000,300137,Burgenland,154.76,154.76,151.36,,01.03.1968,1,3,1968,153.17,153.31,0.14,152.86,0.31,0.45,152.72,152.72,
657285.63,463625.57,1002000,300137,Burgenland,154.76,154.76,151.36,,01.04.1968,1,4,1968,153.15,153.31,0.16,152.86,0.29,0.45,152.70000000000002,152.70000000000002,
657285.63,463625.57,1002000,300137,Burgenland,154.76,154.76,151.36,,01.05.1968,1,5,1968,153.05,153.31,0.26,152.86,0.19,0.45,152.60000000000002,152.60000000000002,
657285.63,463625.57,1002000,300137,Burgenland,154.76,154.76,151.36,,01.06.1968,1,6,1968,152.96,153.31,0.35,152.86,0.1,0.45,152.51000000000002,152.51000000000002,
657285.63,463625.57,1002000,300137,Burgenland,154.76,154.76,151.36,,01.07.1968,1,7,1968,152.99,153.31,0.32,152.86,0.13,0.45,152.54000000000002,152.54000000000002,
657285.63,463625.57,1002000,300137,Burgenland,154.76,154.76,151.36,,01.08.1968,1,8,1968,153.21,153.31,0.1,152.86,0.35,0.45,152.76000000000002,152.76000000000002,
657285.63,463625.57,1002000,300137,Burgenland,154.76,154.76,151.36,,01.09.1968,1,9,1968,153.11,153.31,0.2,152.86,0.25,0.45,152.66000000000003,152.66000000000003,
657285.63,463625.57,1002000,300137,Burgenland,154.76,154.76,151.36,,01.10.1968,1,10,1968,153.04,153.31,0.27,152.86,0.18,0.45,152.59,152.59,
657285.63,463625.57,1002000,300137,Burgenland,154.76,154.76,151.36,,01.11.1968,1,11,1968,153.01,153.31,0.3,152.86,0.15,0.45,152.56,152.56,
657285.63,463625.57,1002000,300137,Burgenland,154.76,154.76,151.36,,01.12.1968,1,12,1968,153.15,153.31,0.16,152.86,0.29,0.45,152.70000000000002,152.70000000000002,
657285.63,463625.57,1002000,300137,Burgenland,154.76,154.76,151.36,,01.01.1969,1,1,1969,153.14,153.3,0.16,153.0,0.14,0.3,152.83999999999997,152.83999999999997,
657285.63,463625.57,1002000,300137,Burgenland,154.76,154.76,151.36,,01.02.1969,1,2,1969,153.21,153.3,0.09,153.0,0.21,0.3,152.91,152.91,
657285.63,463625.57,1002000,300137,Burgenland,154.76,154.76,151.36,,01.03.1969,1,3,1969,153.27,153.3,0.03,153.0,0.27,0.3,152.97,152.97,
657285.63,463625.57,1002000,300137,Burgenland,154.76,154.76,151.36,,01.04.1969,1,4,1969,153.25,153.3,0.05,153.0,0.25,0.3,152.95,152.95,
657285.63,463625.57,1002000,300137,Burgenland,154.76,154.76,151.36,,01.05.1969,1,5,1969,153.2,153.3,0.1,153.0,0.2,0.3,152.89999999999998,152.89999999999998,
657285.63,463625.57,1002000,300137,Burgenland,154.76,154.76,151.36,,01.06.1969,1,6,1969,153.08,153.3,0.22,153.0,0.08,0.3,152.78,152.78,
657285.63,463625.57,1002000,300137,Burgenland,154.76,154.76,151.36,,01.07.1969,1,7,1969,153.04,153.3,0.26,153.0,0.04,0.3,152.73999999999998,152.73999999999998,
657285.63,463625.57,1002000,300137,Burgenland,154.76,154.76,151.36,,01.08.1969,1,8,1969,153.16,153.3,0.14,153.0,0.16,0.3,152.85999999999999,152.85999999999999,
657285.63,463625.57,1002000,300137,Burgenland,154.76,154.76,151.36,,01.09.1969,1,9,1969,153.15,153.3,0.15,153.0,0.15,0.3,152.85,152.85,
657285.63,463625.57,1002000,300137,Burgenland,154.76,154.76,151.36,,01.10.1969,1,10,1969,153.09,153.3,0.21,153.0,0.09,0.3,152.79,152.79,
657285.63,463625.57,1002000,300137,Burgenland,154.76,154.76,151.36,,01.11.1969,1,11,1969,153.09,153.3,0.21,153.0,0.09,0.3,152.79,152.79,
657285.63,463625.57,1002000,300137,Burgenland,154.76,154.76,151.36,,01.12.1969,1,12,1969,153.18,153.3,0.12,153.0,0.18,0.3,152.88,152.88,
657285.63,463625.57,1002000,300137,Burgenland,154.76,154.76,151.36,,01.01.1970,1,1,1970,153.1,153.54,0.44,152.81,0.29,0.73,152.37,152.37,
657285.63,463625.57,1002000,300137,Burgenland,154.76,154.76,151.36,,01.02.1970,1,2,1970,153.39,153.54,0.15,152.81,0.58,0.73,152.66,152.66,
657285.63,463625.57,1002000,300137,Burgenland,154.76,154.76,151.36,,01.03.1970,1,3,1970,153.39,153.54,0.15,152.81,0.58,0.73,152.66,152.66,
657285.63,463625.57,1002000,300137,Burgenland,154.76,154.76,151.36,,01.04.1970,1,4,1970,153.21,153.54,0.33,152.81,0.4,0.73,152.48000000000002,152.48000000000002,
657285.63,463625.57,1002000,300137,Burgenland,154.76,154.76,151.36,,01.05.1970,1,5,1970,153.15,153.54,0.39,152.81,0.34,0.73,152.42000000000002,152.42000000000002,
657285.63,463625.57,1002000,300137,Burgenland,154.76,154.76,151.36,,01.06.1970,1,6,1970,153.02,153.54,0.52,152.81,0.21,0.73,152.29000000000002,152.29000000000002,
657285.63,463625.57,1002000,300137,Burgenland,154.76,154.76,151.36,,01.07.1970,1,7,1970,152.97,153.54,0.57,152.81,0.16,0.73,152.24,152.24,
657285.63,463625.57,1002000,300137,Burgenland,154.76,154.76,151.36,,01.08.1970,1,8,1970,153.0,153.54,0.54,152.81,0.19,0.73,152.27,152.27,
657285.63,463625.57,1002000,300137,Burgenland,154.76,154.76,151.36,,01.09.1970,1,9,1970,152.92,153.54,0.62,152.81,0.11,0.73,152.19,152.19,
657285.63,463625.57,1002000,300137,Burgenland,154.76,154.76,151.36,,01.10.1970,1,10,1970,153.1,153.54,0.44,152.81,0.29,0.73,152.37,152.37,
657285.63,463625.57,1002000,300137,Burgenland,154.76,154.76,151.36,,01.11.1970,1,11,1970,153.2,153.54,0.34,152.81,0.39,0.73,152.47,152.47,
657285.63,463625.57,1002000,300137,Burgenland,154.76,154.76,151.36,,01.12.1970,1,12,1970,153.17,153.54,0.37,152.81,0.36,0.73,152.44,152.44,
657285.63,463625.57,1002000,300137,Burgenland,154.76,154.76,151.36,,01.01.1971,1,1,1971,153.2,153.4,0.2,152.85,0.35,0.55,152.64999999999998,152.64999999999998,
657285.63,463625.57,1002000,300137,Burgenland,154.76,154.76,151.36,,01.02.1971,1,2,1971,153.17,153.4,0.23,152.85,0.32,0.55,152.61999999999998,152.61999999999998,
657285.63,463625.57,1002000,300137,Burgenland,154.76,154.76,151.36,,01.03.1971,1,3,1971,153.2,153.4,0.2,152.85,0.35,0.55,152.64999999999998,152.64999999999998,
657285.63,463625.57,1002000,300137,Burgenland,154.76,154.76,151.36,,01.04.1971,1,4,1971,153.3,153.4,0.1,152.85,0.45,0.55,152.75,152.75,
657285.63,463625.57,1002000,300137,Burgenland,154.76,154.76,151.36,,01.05.1971,1,5,1971,153.16,153.4,0.24,152.85,0.31,0.55,152.60999999999999,152.60999999999999,
657285.63,463625.57,1002000,300137,Burgenland,154.76,154.76,151.36,,01.06.1971,1,6,1971,153.08,153.4,0.32,152.85,0.23,0.55,152.53,152.53,
657285.63,463625.57,1002000,300137,Burgenland,154.76,154.76,151.36,,01.07.1971,1,7,1971,152.98,153.4,0.42,152.85,0.13,0.55,152.42999999999998,152.42999999999998,
657285.63,463625.57,1002000,300137,Burgenland,154.76,154.76,151.36,,01.08.1971,1,8,1971,152.88,153.4,0.52,152.85,0.03,0.55,152.32999999999998,152.32999999999998,
657285.63,463625.57,1002000,300137,Burgenland,154.76,154.76,151.36,,01.09.1971,1,9,1971,152.94,153.4,0.46,152.85,0.09,0.55,152.39,152.39,
657285.63,463625.57,1002000,300137,Burgenland,154.76,154.76,151.36,,01.10.1971,1,10,1971,153.0,153.4,0.4,152.85,0.15,0.55,152.45,152.45,
657285.63,463625.57,1002000,300137,Burgenland,154.76,154.76,151.36,,01.11.1971,1,11,1971,152.96,153.4,0.44,152.85,0.11,0.55,152.41,152.41,
657285.63,463625.57,1002000,300137,Burgenland,154.76,154.76,151.36,,01.12.1971,1,12,1971,153.05,153.4,0.35,152.85,0.2,0.55,152.5,152.5,
657285.63,463625.57,1002000,300137,Burgenland,154.76,154.76,151.36,,01.01.1972,1,1,1972,153.18,153.53,0.35,152.91,0.27,0.62,152.56,152.56,
657285.63,463625.57,1002000,300137,Burgenland,154.76,154.76,151.36,,01.02.1972,1,2,1972,153.36,153.53,0.17,152.91,0.45,0.62,152.74,152.74,
657285.63,463625.57,1002000,300137,Burgenland,154.76,154.76,151.36,,01.03.1972,1,3,1972,153.21,153.53,0.32,152.91,0.3,0.62,152.59,152.59,
657285.63,463625.57,1002000,300137,Burgenland,154.76,154.76,151.36,,01.04.1972,1,4,1972,153.21,153.53,0.32,152.91,0.3,0.62,152.59,152.59,
657285.63,463625.57,1002000,300137,Burgenland,154.76,154.76,151.36,,01.05.1972,1,5,1972,153.19,153.53,0.34,152.91,0.28,0.62,152.57,152.57,
657285.63,463625.57,1002000,300137,Burgenland,154.76,154.76,151.36,,01.06.1972,1,6,1972,153.19,153.53,0.34,152.91,0.28,0.62,152.57,152.57,
657285.63,463625.57,1002000,300137,Burgenland,154.76,154.76,151.36,,01.07.1972,1,7,1972,153.22,153.53,0.31,152.91,0.31,0.62,152.6,152.6,
657285.63,463625.57,1002000,300137,Burgenland,154.76,154.76,151.36,,01.08.1972,1,8,1972,153.09,153.53,0.44,152.91,0.18,0.62,152.47,152.47,
657285.63,463625.57,1002000,300137,Burgenland,154.76,154.76,151.36,,01.09.1972,1,9,1972,152.96,153.53,0.57,152.91,0.05,0.62,152.34,152.34,
657285.63,463625.57,1002000,300137,Burgenland,154.76,154.76,151.36,,01.10.1972,1,10,1972,152.95,153.53,0.58,152.91,0.04,0.62,152.32999999999998,152.32999999999998,
657285.63,463625.57,1002000,300137,Burgenland,154.76,154.76,151.36,,01.11.1972,1,11,1972,153.04,153.53,0.49,152.91,0.13,0.62,152.42,152.42,
657285.63,463625.57,1002000,300137,Burgenland,154.76,154.76,151.36,,01.12.1972,1,12,1972,153.02,153.53,0.51,152.91,0.11,0.62,152.4,152.4,
657285.63,463625.57,1002000,300137,Burgenland,154.76,154.76,151.36,,01.01.1973,1,1,1973,152.95,153.45,0.5,152.87,0.08,0.58,152.36999999999998,152.36999999999998,
657285.63,463625.57,1002000,300137,Burgenland,154.76,154.76,151.36,,01.02.1973,1,2,1973,153.14,153.45,0.31,152.87,0.27,0.58,152.55999999999997,152.55999999999997,
657285.63,463625.57,1002000,300137,Burgenland,154.76,154.76,151.36,,01.03.1973,1,3,1973,153.06,153.45,0.39,152.87,0.19,0.58,152.48,152.48,
657285.63,463625.57,1002000,300137,Burgenland,154.76,154.76,151.36,,01.04.1973,1,4,1973,153.2,153.45,0.25,152.87,0.33,0.58,152.61999999999998,152.61999999999998,
657285.63,463625.57,1002000,300137,Burgenland,154.76,154.76,151.36,,01.05.1973,1,5,1973,153.1,153.45,0.35,152.87,0.23,0.58,152.51999999999998,152.51999999999998,
657285.63,463625.57,1002000,300137,Burgenland,154.76,154.76,151.36,,01.06.1973,1,6,1973,152.97,153.45,0.48,152.87,0.1,0.58,152.39,152.39,
657285.63,463625.57,1002000,300137,Burgenland,154.76,154.76,151.36,,01.07.1973,1,7,1973,152.94,153.45,0.51,152.87,0.07,0.58,152.35999999999999,152.35999999999999,
657285.63,463625.57,1002000,300137,Burgenland,154.76,154.76,151.36,,01.08.1973,1,8,1973,152.91,153.45,0.54,152.87,0.04,0.58,152.32999999999998,152.32999999999998,
657285.63,463625.57,1002000,300137,Burgenland,154.76,154.76,151.36,,01.09.1973,1,9,1973,153.09,153.45,0.36,152.87,0.22,0.58,152.51,152.51,
657285.63,463625.57,1002000,300137,Burgenland,154.76,154.76,151.36,,01.10.1973,1,10,1973,153.18,153.45,0.27,152.87,0.31,0.58,152.6,152.6,
657285.63,463625.57,1002000,300137,Burgenland,154.76,154.76,151.36,,01.11.1973,1,11,1973,153.12,153.45,0.33,152.87,0.25,0.58,152.54,152.54,
657285.63,463625.57,1002000,300137,Burgenland,154.76,154.76,151.36,,01.12.1973,1,12,1973,153.06,153.45,0.39,152.87,0.19,0.58,152.48,152.48,
657285.63,463625.57,1002000,300137,Burgenland,154.76,154.76,151.36,,01.01.1974,1,1,1974,153.21,153.38,0.17,152.47,0.74,0.91,152.3,152.3,
657285.63,463625.57,1002000,300137,Burgenland,154.76,154.76,151.36,,01.02.1974,1,2,1974,153.13,153.38,0.25,152.47,0.66,0.91,152.22,152.22,
657285.63,463625.57,1002000,300137,Burgenland,154.76,154.76,151.36,,01.03.1974,1,3,1974,152.98,153.38,0.4,152.47,0.51,0.91,152.07,152.07,
657285.63,463625.57,1002000,300137,Burgenland,154.76,154.76,151.36,,01.04.1974,1,4,1974,152.94,153.38,0.44,152.47,0.47,0.91,152.03,152.03,
657285.63,463625.57,1002000,300137,Burgenland,154.76,154.76,151.36,,01.05.1974,1,5,1974,152.9,153.38,0.48,152.47,0.43,0.91,151.99,151.99,
657285.63,463625.57,1002000,300137,Burgenland,154.76,154.76,151.36,,01.06.1974,1,6,1974,152.76,153.38,0.62,152.47,0.29,0.91,151.85,151.85,
657285.63,463625.57,1002000,300137,Burgenland,154.76,154.76,151.36,,01.07.1974,1,7,1974,152.7,153.38,0.68,152.47,0.23,0.91,151.79,151.79,
657285.63,463625.57,1002000,300137,Burgenland,154.76,154.76,151.36,,01.08.1974,1,8,1974,152.54,153.38,0.84,152.47,0.07,0.91,151.63,151.63,
657285.63,463625.57,1002000,300137,Burgenland,154.76,154.76,151.36,,01.09.1974,1,9,1974,152.49,153.38,0.89,152.47,0.02,0.91,151.58,151.58,
657285.63,463625.57,1002000,300137,Burgenland,154.76,154.76,151.36,,01.10.1974,1,10,1974,152.74,153.38,0.64,152.47,0.27,0.91,151.83,151.83,
657285.63,463625.57,1002000,300137,Burgenland,154.76,154.76,151.36,,01.11.1974,1,11,1974,152.83,153.38,0.55,152.47,0.36,0.91,151.92000000000002,151.92000000000002,
657285.63,463625.57,1002000,300137,Burgenland,154.76,154.76,151.36,,01.12.1974,1,12,1974,153.18,153.38,0.2,152.47,0.71,0.91,152.27,152.27,
657285.63,463625.57,1002000,300137,Burgenland,154.76,154.76,151.36,,01.01.1975,1,1,1975,153.25,153.6,0.35,152.64,0.61,0.96,152.29,152.29,
657285.63,463625.57,1002000,300137,Burgenland,154.76,154.76,151.36,,01.02.1975,1,2,1975,153.05,153.6,0.55,152.64,0.41,0.96,152.09,152.09,
657285.63,463625.57,1002000,300137,Burgenland,154.76,154.76,151.36,,01.03.1975,1,3,1975,152.83,153.6,0.77,152.64,0.19,0.96,151.87,151.87,
657285.63,463625.57,1002000,300137,Burgenland,154.76,154.76,151.36,,01.04.1975,1,4,1975,152.95,153.6,0.65,152.64,0.31,0.96,151.98999999999998,151.98999999999998,
657285.63,463625.57,1002000,300137,Burgenland,154.76,154.76,151.36,,01.05.1975,1,5,1975,152.79,153.6,0.81,152.64,0.15,0.96,151.82999999999998,151.82999999999998,
657285.63,463625.57,1002000,300137,Burgenland,154.76,154.76,151.36,,01.06.1975,1,6,1975,152.98,153.6,0.62,152.64,0.34,0.96,152.01999999999998,152.01999999999998,
657285.63,463625.57,1002000,300137,Burgenland,154.76,154.76,151.36,,01.07.1975,1,7,1975,153.31,153.6,0.29,152.64,0.67,0.96,152.35,152.35,
657285.63,463625.57,1002000,300137,Burgenland,154.76,154.76,151.36,,01.08.1975,1,8,1975,152.8,153.6,0.8,152.64,0.16,0.96,151.84,151.84,
657285.63,463625.57,1002000,300137,Burgenland,154.76,154.76,151.36,,01.09.1975,1,9,1975,152.75,153.6,0.85,152.64,0.11,0.96,151.79,151.79,
657285.63,463625.57,1002000,300137,Burgenland,154.76,154.76,151.36,,01.10.1975,1,10,1975,152.87,153.6,0.73,152.64,0.23,0.96,151.91,151.91,
657285.63,463625.57,1002000,300137,Burgenland,154.76,154.76,151.36,,01.11.1975,1,11,1975,152.87,153.6,0.73,152.64,0.23,0.96,151.91,151.91,
657285.63,463625.57,1002000,300137,Burgenland,154.76,154.76,151.36,,01.12.1975,1,12,1975,152.95,153.6,0.65,152.64,0.31,0.96,151.98999999999998,151.98999999999998,
657285.63,463625.57,1002000,300137,Burgenland,154.76,154.76,151.36,,01.01.1976,1,1,1976,153.24,153.36,0.12,152.58,0.66,0.78,152.46,152.46,
657285.63,463625.57,1002000,300137,Burgenland,154.76,154.76,151.36,,01.02.1976,1,2,1976,153.05,153.36,0.31,152.58,0.47,0.78,152.27,152.27,
657285.63,463625.57,1002000,300137,Burgenland,154.76,154.76,151.36,,01.03.1976,1,3,1976,152.84,153.36,0.52,152.58,0.26,0.78,152.06,152.06,
657285.63,463625.57,1002000,300137,Burgenland,154.76,154.76,151.36,,01.04.1976,1,4,1976,152.71,153.36,0.65,152.58,0.13,0.78,151.93,151.93,
657285.63,463625.57,1002000,300137,Burgenland,154.76,154.76,151.36,,01.05.1976,1,5,1976,152.66,153.36,0.7,152.58,0.08,0.78,151.88,151.88,
657285.63,463625.57,1002000,300137,Burgenland,154.76,154.76,151.36,,01.06.1976,1,6,1976,152.75,153.36,0.61,152.58,0.17,0.78,151.97,151.97,
657285.63,463625.57,1002000,300137,Burgenland,154.76,154.76,151.36,,01.07.1976,1,7,1976,152.69,153.36,0.67,152.58,0.11,0.78,151.91,151.91,
657285.63,463625.57,1002000,300137,Burgenland,154.76,154.76,151.36,,01.08.1976,1,8,1976,152.77,153.36,0.59,152.58,0.19,0.78,151.99,151.99,
657285.63,463625.57,1002000,300137,Burgenland,154.76,154.76,151.36,,01.09.1976,1,9,1976,152.86,153.36,0.5,152.58,0.28,0.78,152.08,152.08,
657285.63,463625.57,1002000,300137,Burgenland,154.76,154.76,151.36,,01.10.1976,1,10,1976,152.9,153.36,0.46,152.58,0.32,0.78,152.12,152.12,
657285.63,463625.57,1002000,300137,Burgenland,154.76,154.76,151.36,,01.11.1976,1,11,1976,153.05,153.36,0.31,152.58,0.47,0.78,152.27,152.27,
657285.63,463625.57,1002000,300137,Burgenland,154.76,154.76,151.36,,01.12.1976,1,12,1976,153.1,153.36,0.26,152.58,0.52,0.78,152.32,152.32,
657285.63,463625.57,1002000,300137,Burgenland,154.76,154.76,151.36,,01.01.1977,1,1,1977,153.04,153.34,0.3,152.54,0.5,0.8,152.23999999999998,152.23999999999998,
657285.63,463625.57,1002000,300137,Burgenland,154.76,154.76,151.36,,01.02.1977,1,2,1977,153.27,153.34,0.07,152.54,0.73,0.8,152.47,152.47,
657285.63,463625.57,1002000,300137,Burgenland,154.76,154.76,151.36,,01.03.1977,1,3,1977,153.11,153.34,0.23,152.54,0.57,0.8,152.31,152.31,
657285.63,463625.57,1002000,300137,Burgenland,154.76,154.76,151.36,,01.04.1977,1,4,1977,152.95,153.34,0.39,152.54,0.41,0.8,152.14999999999998,152.14999999999998,
657285.63,463625.57,1002000,300137,Burgenland,154.76,154.76,151.36,,01.05.1977,1,5,1977,152.74,153.34,0.6,152.54,0.2,0.8,151.94,151.94,
657285.63,463625.57,1002000,300137,Burgenland,154.76,154.76,151.36,,01.06.1977,1,6,1977,152.65,153.34,0.69,152.54,0.11,0.8,151.85,151.85,
657285.63,463625.57,1002000,300137,Burgenland,154.76,154.76,151.36,,01.07.1977,1,7,1977,152.58,153.34,0.76,152.54,0.04,0.8,151.78,151.78,
657285.63,463625.57,1002000,300137,Burgenland,154.76,154.76,151.36,,01.08.1977,1,8,1977,152.69,153.34,0.65,152.54,0.15,0.8,151.89,151.89,
657285.63,463625.57,1002000,300137,Burgenland,154.76,154.76,151.36,,01.09.1977,1,9,1977,152.55,153.34,0.79,152.54,0.01,0.8,151.75,151.75,
657285.63,463625.57,1002000,300137,Burgenland,154.76,154.76,151.36,,01.10.1977,1,10,1977,152.62,153.34,0.72,152.54,0.08,0.8,151.82,151.82,
657285.63,463625.57,1002000,300137,Burgenland,154.76,154.76,151.36,,01.11.1977,1,11,1977,152.92,153.34,0.42,152.54,0.38,0.8,152.11999999999998,152.11999999999998,
657285.63,463625.57,1002000,300137,Burgenland,154.76,154.76,151.36,,01.12.1977,1,12,1977,152.93,153.34,0.41,152.54,0.39,0.8,152.13,152.13,
657285.63,463625.57,1002000,300137,Burgenland,154.76,154.76,151.36,,01.01.1978,1,1,1978,153.01,153.21,0.2,152.49,0.52,0.72,152.29,152.29,
657285.63,463625.57,1002000,300137,Burgenland,154.76,154.76,151.36,,01.02.1978,1,2,1978,153.05,153.21,0.16,152.49,0.56,0.72,152.33,152.33,
657285.63,463625.57,1002000,300137,Burgenland,154.76,154.76,151.36,,01.03.1978,1,3,1978,153.07,153.21,0.14,152.49,0.58,0.72,152.35,152.35,
657285.63,463625.57,1002000,300137,Burgenland,154.76,154.76,151.36,,01.04.1978,1,4,1978,153.12,153.21,0.09,152.49,0.63,0.72,152.4,152.4,
657285.63,463625.57,1002000,300137,Burgenland,154.76,154.76,151.36,,01.05.1978,1,5,1978,153.1,153.21,0.11,152.49,0.61,0.72,152.38,152.38,
657285.63,463625.57,1002000,300137,Burgenland,154.76,154.76,151.36,,01.06.1978,1,6,1978,153.01,153.21,0.2,152.49,0.52,0.72,152.29,152.29,
657285.63,463625.57,1002000,300137,Burgenland,154.76,154.76,151.36,,01.07.1978,1,7,1978,152.77,153.21,0.44,152.49,0.28,0.72,152.05,152.05,
657285.63,463625.57,1002000,300137,Burgenland,154.76,154.76,151.36,,01.08.1978,1,8,1978,152.63,153.21,0.58,152.49,0.14,0.72,151.91,151.91,
657285.63,463625.57,1002000,300137,Burgenland,154.76,154.76,151.36,,01.09.1978,1,9,1978,152.62,153.21,0.59,152.49,0.13,0.72,151.9,151.9,
657285.63,463625.57,1002000,300137,Burgenland,154.76,154.76,151.36,,01.10.1978,1,10,1978,152.67,153.21,0.54,152.49,0.18,0.72,151.95,151.95,
657285.63,463625.57,1002000,300137,Burgenland,154.76,154.76,151.36,,01.11.1978,1,11,1978,152.89,153.21,0.32,152.49,0.4,0.72,152.17,152.17,
657285.63,463625.57,1002000,300137,Burgenland,154.76,154.76,151.36,,01.12.1978,1,12,1978,153.03,153.21,0.18,152.49,0.54,0.72,152.31,152.31,
657285.63,463625.57,1002000,300137,Burgenland,154.76,154.76,151.36,,01.01.1979,1,1,1979,153.06,153.38,0.32,152.57,0.49,0.81,152.25,152.25,
657285.63,463625.57,1002000,300137,Burgenland,154.76,154.76,151.36,,01.02.1979,1,2,1979,153.16,153.38,0.22,152.57,0.59,0.81,152.35,152.35,
657285.63,463625.57,1002000,300137,Burgenland,154.76,154.76,151.36,,01.03.1979,1,3,1979,153.23,153.38,0.15,152.57,0.66,0.81,152.42,152.42,
657285.63,463625.57,1002000,300137,Burgenland,154.76,154.76,151.36,,01.04.1979,1,4,1979,153.13,153.38,0.25,152.57,0.56,0.81,152.32,152.32,
657285.63,463625.57,1002000,300137,Burgenland,154.76,154.76,151.36,,01.05.1979,1,5,1979,152.99,153.38,0.39,152.57,0.42,0.81,152.18,152.18,
657285.63,463625.57,1002000,300137,Burgenland,154.76,154.76,151.36,,01.06.1979,1,6,1979,152.77,153.38,0.61,152.57,0.2,0.81,151.96,151.96,
657285.63,463625.57,1002000,300137,Burgenland,154.76,154.76,151.36,,01.07.1979,1,7,1979,152.72,153.38,0.66,152.57,0.15,0.81,151.91,151.91,
657285.63,463625.57,1002000,300137,Burgenland,154.76,154.76,151.36,,01.08.1979,1,8,1979,152.69,153.38,0.69,152.57,0.12,0.81,151.88,151.88,
657285.63,463625.57,1002000,300137,Burgenland,154.76,154.76,151.36,,01.09.1979,1,9,1979,152.63,153.38,0.75,152.57,0.06,0.81,151.82,151.82,
657285.63,463625.57,1002000,300137,Burgenland,154.76,154.76,151.36,,01.10.1979,1,10,1979,152.71,153.38,0.67,152.57,0.14,0.81,151.9,151.9,
657285.63,463625.57,1002000,300137,Burgenland,154.76,154.76,151.36,,01.11.1979,1,11,1979,153.19,153.38,0.19,152.57,0.62,0.81,152.38,152.38,
657285.63,463625.57,1002000,300137,Burgenland,154.76,154.76,151.36,,01.12.1979,1,12,1979,153.21,153.38,0.17,152.57,0.64,0.81,152.4,152.4,
657285.63,463625.57,1002000,300137,Burgenland,154.76,154.76,151.36,,01.01.1980,1,1,1980,152.93,153.31,0.38,152.58,0.35,0.73,152.20000000000002,152.20000000000002,
657285.63,463625.57,1002000,300137,Burgenland,154.76,154.76,151.36,,01.02.1980,1,2,1980,153.14,153.31,0.17,152.58,0.56,0.73,152.41,152.41,
657285.63,463625.57,1002000,300137,Burgenland,154.76,154.76,151.36,,01.03.1980,1,3,1980,153.07,153.31,0.24,152.58,0.49,0.73,152.34,152.34,
657285.63,463625.57,1002000,300137,Burgenland,154.76,154.76,151.36,,01.04.1980,1,4,1980,153.2,153.31,0.11,152.58,0.62,0.73,152.47,152.47,
657285.63,463625.57,1002000,300137,Burgenland,154.76,154.76,151.36,,01.05.1980,1,5,1980,153.01,153.31,0.3,152.58,0.43,0.73,152.28,152.28,
657285.63,463625.57,1002000,300137,Burgenland,154.76,154.76,151.36,,01.06.1980,1,6,1980,152.81,153.31,0.5,152.58,0.23,0.73,152.08,152.08,
657285.63,463625.57,1002000,300137,Burgenland,154.76,154.76,151.36,,01.07.1980,1,7,1980,152.69,153.31,0.62,152.58,0.11,0.73,151.96,151.96,
657285.63,463625.57,1002000,300137,Burgenland,154.76,154.76,151.36,,01.08.1980,1,8,1980,152.67,153.31,0.64,152.58,0.09,0.73,151.94,151.94,
657285.63,463625.57,1002000,300137,Burgenland,154.76,154.76,151.36,,01.09.1980,1,9,1980,152.67,153.31,0.64,152.58,0.09,0.73,151.94,151.94,
657285.63,463625.57,1002000,300137,Burgenland,154.76,154.76,151.36,,01.10.1980,1,10,1980,152.79,153.31,0.52,152.58,0.21,0.73,152.06,152.06,
657285.63,463625.57,1002000,300137,Burgenland,154.76,154.76,151.36,,01.11.1980,1,11,1980,153.05,153.31,0.26,152.58,0.47,0.73,152.32000000000002,152.32000000000002,
657285.63,463625.57,1002000,300137,Burgenland,154.76,154.76,151.36,,01.12.1980,1,12,1980,153.22,153.31,0.09,152.58,0.64,0.73,152.49,152.49,
657285.63,463625.57,1002000,300137,Burgenland,154.76,154.76,151.36,,01.01.1981,1,1,1981,152.98,153.24,0.26,152.38,0.6,0.86,152.11999999999998,152.11999999999998,
657285.63,463625.57,1002000,300137,Burgenland,154.76,154.76,151.36,,01.02.1981,1,2,1981,152.93,153.24,0.31,152.38,0.55,0.86,152.07,152.07,
657285.63,463625.57,1002000,300137,Burgenland,154.76,154.76,151.36,,01.03.1981,1,3,1981,152.98,153.24,0.26,152.38,0.6,0.86,152.11999999999998,152.11999999999998,
657285.63,463625.57,1002000,300137,Burgenland,154.76,154.76,151.36,,01.04.1981,1,4,1981,152.92,153.24,0.32,152.38,0.54,0.86,152.05999999999997,152.05999999999997,
657285.63,463625.57,1002000,300137,Burgenland,154.76,154.76,151.36,,01.05.1981,1,5,1981,152.81,153.24,0.43,152.38,0.43,0.86,151.95,151.95,
657285.63,463625.57,1002000,300137,Burgenland,154.76,154.76,151.36,,01.06.1981,1,6,1981,152.58,153.24,0.66,152.38,0.2,0.86,151.72,151.72,
657285.63,463625.57,1002000,300137,Burgenland,154.76,154.76,151.36,,01.07.1981,1,7,1981,152.5,153.24,0.74,152.38,0.12,0.86,151.64,151.64,
657285.63,463625.57,1002000,300137,Burgenland,154.76,154.76,151.36,,01.08.1981,1,8,1981,152.39,153.24,0.85,152.38,0.01,0.86,151.52999999999997,151.52999999999997,
657285.63,463625.57,1002000,300137,Burgenland,154.76,154.76,151.36,,01.09.1981,1,9,1981,152.53,153.24,0.71,152.38,0.15,0.86,151.67,151.67,
657285.63,463625.57,1002000,300137,Burgenland,154.76,154.76,151.36,,01.10.1981,1,10,1981,152.78,153.24,0.46,152.38,0.4,0.86,151.92,151.92,
657285.63,463625.57,1002000,300137,Burgenland,154.76,154.76,151.36,,01.11.1981,1,11,1981,152.95,153.24,0.29,152.38,0.57,0.86,152.08999999999997,152.08999999999997,
657285.63,463625.57,1002000,300137,Burgenland,154.76,154.76,151.36,,01.12.1981,1,12,1981,153.12,153.24,0.12,152.38,0.74,0.86,152.26,152.26,
657285.63,463625.57,1002000,300137,Burgenland,154.76,154.76,151.36,,01.01.1982,1,1,1982,153.2,153.35,0.15,152.16,1.04,1.19,152.01,152.01,
657285.63,463625.57,1002000,300137,Burgenland,154.76,154.76,151.36,,01.02.1982,1,2,1982,152.94,153.35,0.41,152.16,0.78,1.19,151.75,151.75,
657285.63,463625.57,1002000,300137,Burgenland,154.76,154.76,151.36,,01.03.1982,1,3,1982,152.93,153.35,0.42,152.16,0.77,1.19,151.74,151.74,
657285.63,463625.57,1002000,300137,Burgenland,154.76,154.76,151.36,,01.04.1982,1,4,1982,152.73,153.35,0.62,152.16,0.57,1.19,151.54,151.54,
657285.63,463625.57,1002000,300137,Burgenland,154.76,154.76,151.36,,01.05.1982,1,5,1982,152.83,153.35,0.52,152.16,0.67,1.19,151.64000000000001,151.64000000000001,
657285.63,463625.57,1002000,300137,Burgenland,154.76,154.76,151.36,,01.06.1982,1,6,1982,152.65,153.35,0.7,152.16,0.49,1.19,151.46,151.46,
657285.63,463625.57,1002000,300137,Burgenland,154.76,154.76,151.36,,01.07.1982,1,7,1982,152.61,153.35,0.74,152.16,0.45,1.19,151.42000000000002,151.42000000000002,
657285.63,463625.57,1002000,300137,Burgenland,154.76,154.76,151.36,,01.08.1982,1,8,1982,152.45,153.35,0.9,152.16,0.29,1.19,151.26,151.26,
657285.63,463625.57,1002000,300137,Burgenland,154.76,154.76,151.36,,01.09.1982,1,9,1982,152.7,153.35,0.65,152.16,0.54,1.19,151.51,151.51,
657285.63,463625.57,1002000,300137,Burgenland,154.76,154.76,151.36,,01.10.1982,1,10,1982,152.85,153.35,0.5,152.16,0.69,1.19,151.66,151.66,
657285.63,463625.57,1002000,300137,Burgenland,154.76,154.76,151.36,,01.11.1982,1,11,1982,152.91,153.35,0.44,152.16,0.75,1.19,151.72,151.72,
657285.63,463625.57,1002000,300137,Burgenland,154.76,154.76,151.36,,01.12.1982,1,12,1982,153.06,153.35,0.29,152.16,0.9,1.19,151.87,151.87,
657285.63,463625.57,1002000,300137,Burgenland,154.76,154.76,151.36,,01.01.1983,1,1,1983,153.12,153.32,0.2,152.2,0.92,1.12,152.0,152.0,
657285.63,463625.57,1002000,300137,Burgenland,154.76,154.76,151.36,,01.02.1983,1,2,1983,153.07,153.32,0.25,152.2,0.87,1.12,151.95,151.95,
657285.63,463625.57,1002000,300137,Burgenland,154.76,154.76,151.36,,01.03.1983,1,3,1983,153.21,153.32,0.11,152.2,1.01,1.12,152.09,152.09,
657285.63,463625.57,1002000,300137,Burgenland,154.76,154.76,151.36,,01.04.1983,1,4,1983,153.04,153.32,0.28,152.2,0.84,1.12,151.92,151.92,
657285.63,463625.57,1002000,300137,Burgenland,154.76,154.76,151.36,,01.05.1983,1,5,1983,152.95,153.32,0.37,152.2,0.75,1.12,151.82999999999998,151.82999999999998,
657285.63,463625.57,1002000,300137,Burgenland,154.76,154.76,151.36,,01.06.1983,1,6,1983,152.88,153.32,0.44,152.2,0.68,1.12,151.76,151.76,
657285.63,463625.57,1002000,300137,Burgenland,154.76,154.76,151.36,,01.07.1983,1,7,1983,152.55,153.32,0.77,152.2,0.35,1.12,151.43,151.43,
657285.63,463625.57,1002000,300137,Burgenland,154.76,154.76,151.36,,01.08.1983,1,8,1983,152.3,153.32,1.02,152.2,0.1,1.12,151.18,151.18,
657285.63,463625.57,1002000,300137,Burgenland,154.76,154.76,151.36,,01.09.1983,1,9,1983,152.5,153.32,0.82,152.2,0.3,1.12,151.38,151.38,
657285.63,463625.57,1002000,300137,Burgenland,154.76,154.76,151.36,,01.10.1983,1,10,1983,152.47,153.32,0.85,152.2,0.27,1.12,151.35,151.35,
657285.63,463625.57,1002000,300137,Burgenland,154.76,154.76,151.36,,01.11.1983,1,11,1983,152.51,153.32,0.81,152.2,0.31,1.12,151.39,151.39,
657285.63,463625.57,1002000,300137,Burgenland,154.76,154.76,151.36,,01.12.1983,1,12,1983,152.57,153.32,0.75,152.2,0.37,1.12,151.45,151.45,
657285.63,463625.57,1002000,300137,Burgenland,154.76,154.76,151.36,,01.01.1984,1,1,1984,152.77,153.22,0.45,152.24,0.53,0.98,151.79000000000002,151.79000000000002,
657285.63,463625.57,1002000,300137,Burgenland,154.76,154.76,151.36,,01.02.1984,1,2,1984,153.0,153.22,0.22,152.24,0.76,0.98,152.02,152.02,
657285.63,463625.57,1002000,300137,Burgenland,154.76,154.76,151.36,,01.03.1984,1,3,1984,153.01,153.22,0.21,152.24,0.77,0.98,152.03,152.03,
657285.63,463625.57,1002000,300137,Burgenland,154.76,154.76,151.36,,01.04.1984,1,4,1984,152.8,153.22,0.42,152.24,0.56,0.98,151.82000000000002,151.82000000000002,
657285.63,463625.57,1002000,300137,Burgenland,154.76,154.76,151.36,,01.05.1984,1,5,1984,152.66,153.22,0.56,152.24,0.42,0.98,151.68,151.68,
657285.63,463625.57,1002000,300137,Burgenland,154.76,154.76,151.36,,01.06.1984,1,6,1984,152.58,153.22,0.64,152.24,0.34,0.98,151.60000000000002,151.60000000000002,
657285.63,463625.57,1002000,300137,Burgenland,154.76,154.76,151.36,,01.07.1984,1,7,1984,152.47,153.22,0.75,152.24,0.23,0.98,151.49,151.49,
657285.63,463625.57,1002000,300137,Burgenland,154.76,154.76,151.36,,01.08.1984,1,8,1984,152.4,153.22,0.82,152.24,0.16,0.98,151.42000000000002,151.42000000000002,
657285.63,463625.57,1002000,300137,Burgenland,154.76,154.76,151.36,,01.09.1984,1,9,1984,152.32,153.22,0.9,152.24,0.08,0.98,151.34,151.34,
657285.63,463625.57,1002000,300137,Burgenland,154.76,154.76,151.36,,01.10.1984,1,10,1984,152.5,153.22,0.72,152.24,0.26,0.98,151.52,151.52,
657285.63,463625.57,1002000,300137,Burgenland,154.76,154.76,151.36,,01.11.1984,1,11,1984,152.59,153.22,0.63,152.24,0.35,0.98,151.61,151.61,
657285.63,463625.57,1002000,300137,Burgenland,154.76,154.76,151.36,,01.12.1984,1,12,1984,152.59,153.22,0.63,152.24,0.35,0.98,151.61,151.61,
657285.63,463625.57,1002000,300137,Burgenland,154.76,154.76,151.36,,01.01.1985,1,1,1985,152.73,153.31,0.58,152.45,0.28,0.86,151.86999999999998,151.86999999999998,
657285.63,463625.57,1002000,300137,Burgenland,154.76,154.76,151.36,,01.02.1985,1,2,1985,152.72,153.31,0.59,152.45,0.27,0.86,151.85999999999999,151.85999999999999,
657285.63,463625.57,1002000,300137,Burgenland,154.76,154.76,151.36,,01.03.1985,1,3,1985,153.04,153.31,0.27,152.45,0.59,0.86,152.17999999999998,152.17999999999998,
657285.63,463625.57,1002000,300137,Burgenland,154.76,154.76,151.36,,01.04.1985,1,4,1985,152.88,153.31,0.43,152.45,0.43,0.86,152.01999999999998,152.01999999999998,
657285.63,463625.57,1002000,300137,Burgenland,154.76,154.76,151.36,,01.05.1985,1,5,1985,152.79,153.31,0.52,152.45,0.34,0.86,151.92999999999998,151.92999999999998,
657285.63,463625.57,1002000,300137,Burgenland,154.76,154.76,151.36,,01.06.1985,1,6,1985,152.87,153.31,0.44,152.45,0.42,0.86,152.01,152.01,
657285.63,463625.57,1002000,300137,Burgenland,154.76,154.76,151.36,,01.07.1985,1,7,1985,152.69,153.31,0.62,152.45,0.24,0.86,151.82999999999998,151.82999999999998,
657285.63,463625.57,1002000,300137,Burgenland,154.76,154.76,151.36,,01.08.1985,1,8,1985,152.75,153.31,0.56,152.45,0.3,0.86,151.89,151.89,
657285.63,463625.57,1002000,300137,Burgenland,154.76,154.76,151.36,,01.09.1985,1,9,1985,152.6,153.31,0.71,152.45,0.15,0.86,151.73999999999998,151.73999999999998,
657285.63,463625.57,1002000,300137,Burgenland,154.76,154.76,151.36,,01.10.1985,1,10,1985,152.48,153.31,0.83,152.45,0.03,0.86,151.61999999999998,151.61999999999998,
657285.63,463625.57,1002000,300137,Burgenland,154.76,154.76,151.36,,01.11.1985,1,11,1985,152.64,153.31,0.67,152.45,0.19,0.86,151.77999999999997,151.77999999999997,
657285.63,463625.57,1002000,300137,Burgenland,154.76,154.76,151.36,,01.12.1985,1,12,1985,153.17,153.31,0.14,152.45,0.72,0.86,152.30999999999997,152.30999999999997,
657285.63,463625.57,1002000,300137,Burgenland,154.76,154.76,151.36,,01.01.1986,1,1,1986,153.04,153.26,0.22,152.43,0.61,0.83,152.20999999999998,152.20999999999998,
657285.63,463625.57,1002000,300137,Burgenland,154.76,154.76,151.36,,01.02.1986,1,2,1986,152.81,153.26,0.45,152.43,0.38,0.83,151.98,151.98,
657285.63,463625.57,1002000,300137,Burgenland,154.76,154.76,151.36,,01.03.1986,1,3,1986,152.98,153.26,0.28,152.43,0.55,0.83,152.14999999999998,152.14999999999998,
657285.63,463625.57,1002000,300137,Burgenland,154.76,154.76,151.36,,01.04.1986,1,4,1986,152.9,153.26,0.36,152.43,0.47,0.83,152.07,152.07,
657285.63,463625.57,1002000,300137,Burgenland,154.76,154.76,151.36,,01.05.1986,1,5,1986,152.77,153.26,0.49,152.43,0.34,0.83,151.94,151.94,
657285.63,463625.57,1002000,300137,Burgenland,154.76,154.76,151.36,,01.06.1986,1,6,1986,152.68,153.26,0.58,152.43,0.25,0.83,151.85,151.85,
657285.63,463625.57,1002000,300137,Burgenland,154.76,154.76,151.36,,01.07.1986,1,7,1986,152.5,153.26,0.76,152.43,0.07,0.83,151.67,151.67,
657285.63,463625.57,1002000,300137,Burgenland,154.76,154.76,151.36,,01.08.1986,1,8,1986,152.47,153.26,0.79,152.43,0.04,0.83,151.64,151.64,
657285.63,463625.57,1002000,300137,Burgenland,154.76,154.76,151.36,,01.09.1986,1,9,1986,152.53,153.26,0.73,152.43,0.1,0.83,151.7,151.7,
657285.63,463625.57,1002000,300137,Burgenland,154.76,154.76,151.36,,01.10.1986,1,10,1986,152.51,153.26,0.75,152.43,0.08,0.83,151.67999999999998,151.67999999999998,
657285.63,463625.57,1002000,300137,Burgenland,154.76,154.76,151.36,,01.11.1986,1,11,1986,152.63,153.26,0.63,152.43,0.2,0.83,151.79999999999998,151.79999999999998,
657285.63,463625.57,1002000,300137,Burgenland,154.76,154.76,151.36,,01.12.1986,1,12,1986,152.68,153.26,0.58,152.43,0.25,0.83,151.85,151.85,
657285.63,463625.57,1002000,300137,Burgenland,154.76,154.76,151.36,,01.01.1987,1,1,1987,152.75,153.43,0.68,152.36,0.39,1.07,151.68,151.68,
657285.63,463625.57,1002000,300137,Burgenland,154.76,154.76,151.36,,01.02.1987,1,2,1987,153.11,153.43,0.32,152.36,0.75,1.07,152.04000000000002,152.04000000000002,
657285.63,463625.57,1002000,300137,Burgenland,154.76,154.76,151.36,,01.03.1987,1,3,1987,153.13,153.43,0.3,152.36,0.77,1.07,152.06,152.06,
657285.63,463625.57,1002000,300137,Burgenland,154.76,154.76,151.36,,01.04.1987,1,4,1987,152.93,153.43,0.5,152.36,0.57,1.07,151.86,151.86,
657285.63,463625.57,1002000,300137,Burgenland,154.76,154.76,151.36,,01.05.1987,1,5,1987,152.87,153.43,0.56,152.36,0.51,1.07,151.8,151.8,
657285.63,463625.57,1002000,300137,Burgenland,154.76,154.76,151.36,,01.06.1987,1,6,1987,152.81,153.43,0.62,152.36,0.45,1.07,151.74,151.74,
657285.63,463625.57,1002000,300137,Burgenland,154.76,154.76,151.36,,01.07.1987,1,7,1987,152.46,153.43,0.97,152.36,0.1,1.07,151.39000000000001,151.39000000000001,
657285.63,463625.57,1002000,300137,Burgenland,154.76,154.76,151.36,,01.08.1987,1,8,1987,152.66,153.43,0.77,152.36,0.3,1.07,151.59,151.59,
657285.63,463625.57,1002000,300137,Burgenland,154.76,154.76,151.36,,01.09.1987,1,9,1987,152.57,153.43,0.86,152.36,0.21,1.07,151.5,151.5,
657285.63,463625.57,1002000,300137,Burgenland,154.76,154.76,151.36,,01.10.1987,1,10,1987,152.48,153.43,0.95,152.36,0.12,1.07,151.41,151.41,
657285.63,463625.57,1002000,300137,Burgenland,154.76,154.76,151.36,,01.11.1987,1,11,1987,152.58,153.43,0.85,152.36,0.22,1.07,151.51000000000002,151.51000000000002,
657285.63,463625.57,1002000,300137,Burgenland,154.76,154.76,151.36,,01.12.1987,1,12,1987,152.85,153.43,0.58,152.36,0.49,1.07,151.78,151.78,
657285.63,463625.57,1002000,300137,Burgenland,154.76,154.76,151.36,,01.01.1988,1,1,1988,152.75,153.37,0.62,152.39,0.36,0.98,151.77,151.77,
657285.63,463625.57,1002000,300137,Burgenland,154.76,154.76,151.36,,01.02.1988,1,2,1988,152.8,153.37,0.57,152.39,0.41,0.98,151.82000000000002,151.82000000000002,
657285.63,463625.57,1002000,300137,Burgenland,154.76,154.76,151.36,,01.03.1988,1,3,1988,153.29,153.37,0.08,152.39,0.9,0.98,152.31,152.31,
657285.63,463625.57,1002000,300137,Burgenland,154.76,154.76,151.36,,01.04.1988,1,4,1988,153.09,153.37,0.28,152.39,0.7,0.98,152.11,152.11,
657285.63,463625.57,1002000,300137,Burgenland,154.76,154.76,151.36,,01.05.1988,1,5,1988,152.64,153.37,0.73,152.39,0.25,0.98,151.66,151.66,
657285.63,463625.57,1002000,300137,Burgenland,154.76,154.76,151.36,,01.06.1988,1,6,1988,152.68,153.37,0.69,152.39,0.29,0.98,151.70000000000002,151.70000000000002,
657285.63,463625.57,1002000,300137,Burgenland,154.76,154.76,151.36,,01.07.1988,1,7,1988,152.48,153.37,0.89,152.39,0.09,0.98,151.5,151.5,
657285.63,463625.57,1002000,300137,Burgenland,154.76,154.76,151.36,,01.08.1988,1,8,1988,152.49,153.37,0.88,152.39,0.1,0.98,151.51000000000002,151.51000000000002,
657285.63,463625.57,1002000,300137,Burgenland,154.76,154.76,151.36,,01.09.1988,1,9,1988,152.63,153.37,0.74,152.39,0.24,0.98,151.65,151.65,
657285.63,463625.57,1002000,300137,Burgenland,154.76,154.76,151.36,,01.10.1988,1,10,1988,152.58,153.37,0.79,152.39,0.19,0.98,151.60000000000002,151.60000000000002,
657285.63,463625.57,1002000,300137,Burgenland,154.76,154.76,151.36,,01.11.1988,1,11,1988,152.62,153.37,0.75,152.39,0.23,0.98,151.64000000000001,151.64000000000001,
657285.63,463625.57,1002000,300137,Burgenland,154.76,154.76,151.36,,01.12.1988,1,12,1988,152.85,153.37,0.52,152.39,0.46,0.98,151.87,151.87,
657285.63,463625.57,1002000,300137,Burgenland,154.76,154.76,151.36,,01.01.1989,1,1,1989,152.67,152.89,0.22,152.54,0.13,0.35,152.32,152.32,
657285.63,463625.57,1002000,300137,Burgenland,154.76,154.76,151.36,,01.02.1989,1,2,1989,152.57,152.89,0.32,152.54,0.03,0.35,152.22,152.22,
657285.63,463625.57,1002000,300137,Burgenland,154.76,154.76,151.36,,01.03.1989,1,3,1989,152.62,152.89,0.27,152.54,0.08,0.35,152.27,152.27,
657285.63,463625.57,1002000,300137,Burgenland,154.76,154.76,151.36,,01.04.1989,1,4,1989,152.64,152.89,0.25,152.54,0.1,0.35,152.29,152.29,
657285.63,463625.57,1002000,300137,Burgenland,154.76,154.76,151.36,,01.05.1989,1,5,1989,152.8,152.89,0.09,152.54,0.26,0.35,152.45000000000002,152.45000000000002,
657285.63,463625.57,1002000,300137,Burgenland,154.76,154.76,151.36,,01.06.1989,1,6,1989,152.71,152.89,0.18,152.54,0.17,0.35,152.36,152.36,
657285.63,463625.57,1002000,300137,Burgenland,154.76,154.76,151.36,,01.07.1989,1,7,1989,152.7,152.89,0.19,152.54,0.16,0.35,152.35,152.35,
657285.63,463625.57,1002000,300137,Burgenland,154.76,154.76,151.36,,01.08.1989,1,8,1989,152.73,152.89,0.16,152.54,0.19,0.35,152.38,152.38,
657285.63,463625.57,1002000,300137,Burgenland,154.76,154.76,151.36,,01.09.1989,1,9,1989,152.83,152.89,0.06,152.54,0.29,0.35,152.48000000000002,152.48000000000002,
657285.63,463625.57,1002000,300137,Burgenland,154.76,154.76,151.36,,01.10.1989,1,10,1989,152.65,152.89,0.24,152.54,0.11,0.35,152.3,152.3,
657285.63,463625.57,1002000,300137,Burgenland,154.76,154.76,151.36,,01.11.1989,1,11,1989,152.66,152.89,0.23,152.54,0.12,0.35,152.31,152.31,
657285.63,463625.57,1002000,300137,Burgenland,154.76,154.76,151.36,,01.12.1989,1,12,1989,152.71,152.89,0.18,152.54,0.17,0.35,152.36,152.36,
657285.63,463625.57,1002000,300137,Burgenland,154.76,154.76,151.36,,01.01.1990,1,1,1990,152.61,152.99,0.38,152.23,0.38,0.76,151.85000000000002,151.85000000000002,
657285.63,463625.57,1002000,300137,Burgenland,154.76,154.76,151.36,,01.02.1990,1,2,1990,152.6,152.99,0.39,152.23,0.37,0.76,151.84,151.84,
657285.63,463625.57,1002000,300137,Burgenland,154.76,154.76,151.36,,01.03.1990,1,3,1990,152.69,152.99,0.3,152.23,0.46,0.76,151.93,151.93,
657285.63,463625.57,1002000,300137,Burgenland,154.76,154.76,151.36,,01.04.1990,1,4,1990,152.71,152.99,0.28,152.23,0.48,0.76,151.95000000000002,151.95000000000002,
657285.63,463625.57,1002000,300137,Burgenland,154.76,154.76,151.36,,01.05.1990,1,5,1990,152.78,152.99,0.21,152.23,0.55,0.76,152.02,152.02,
657285.63,463625.57,1002000,300137,Burgenland,154.76,154.76,151.36,,01.06.1990,1,6,1990,152.61,152.99,0.38,152.23,0.38,0.76,151.85000000000002,151.85000000000002,
657285.63,463625.57,1002000,300137,Burgenland,154.76,154.76,151.36,,01.07.1990,1,7,1990,152.49,152.99,0.5,152.23,0.26,0.76,151.73000000000002,151.73000000000002,
657285.63,463625.57,1002000,300137,Burgenland,154.76,154.76,151.36,,01.08.1990,1,8,1990,152.36,152.99,0.63,152.23,0.13,0.76,151.60000000000002,151.60000000000002,
657285.63,463625.57,1002000,300137,Burgenland,154.76,154.76,151.36,,01.09.1990,1,9,1990,152.36,152.99,0.63,152.23,0.13,0.76,151.60000000000002,151.60000000000002,
657285.63,463625.57,1002000,300137,Burgenland,154.76,154.76,151.36,,01.10.1990,1,10,1990,152.56,152.99,0.43,152.23,0.33,0.76,151.8,151.8,
657285.63,463625.57,1002000,300137,Burgenland,154.76,154.76,151.36,,01.11.1990,1,11,1990,152.65,152.99,0.34,152.23,0.42,0.76,151.89000000000001,151.89000000000001,
657285.63,463625.57,1002000,300137,Burgenland,154.76,154.76,151.36,,01.12.1990,1,12,1990,152.89,152.99,0.1,152.23,0.66,0.76,152.13,152.13,
657285.63,463625.57,1002000,300137,Burgenland,154.76,154.76,151.36,,01.01.1991,1,1,1991,152.89,153.11,0.22,152.34,0.55,0.77,152.11999999999998,152.11999999999998,
657285.63,463625.57,1002000,300137,Burgenland,154.76,154.76,151.36,,01.02.1991,1,2,1991,152.7,153.11,0.41,152.34,0.36,0.77,151.92999999999998,151.92999999999998,
657285.63,463625.57,1002000,300137,Burgenland,154.76,154.76,151.36,,01.03.1991,1,3,1991,152.64,153.11,0.47,152.34,0.3,0.77,151.86999999999998,151.86999999999998,
657285.63,463625.57,1002000,300137,Burgenland,154.76,154.76,151.36,,01.04.1991,1,4,1991,152.77,153.11,0.34,152.34,0.43,0.77,152.0,152.0,
657285.63,463625.57,1002000,300137,Burgenland,154.76,154.76,151.36,,01.05.1991,1,5,1991,152.86,153.11,0.25,152.34,0.52,0.77,152.09,152.09,
657285.63,463625.57,1002000,300137,Burgenland,154.76,154.76,151.36,,01.06.1991,1,6,1991,152.95,153.11,0.16,152.34,0.61,0.77,152.17999999999998,152.17999999999998,
657285.63,463625.57,1002000,300137,Burgenland,154.76,154.76,151.36,,01.07.1991,1,7,1991,152.71,153.11,0.4,152.34,0.37,0.77,151.94,151.94,
657285.63,463625.57,1002000,300137,Burgenland,154.76,154.76,151.36,,01.08.1991,1,8,1991,152.74,153.11,0.37,152.34,0.4,0.77,151.97,151.97,
657285.63,463625.57,1002000,300137,Burgenland,154.76,154.76,151.36,,01.09.1991,1,9,1991,152.55,153.11,0.56,152.34,0.21,0.77,151.78,151.78,
657285.63,463625.57,1002000,300137,Burgenland,154.76,154.76,151.36,,01.10.1991,1,10,1991,152.38,153.11,0.73,152.34,0.04,0.77,151.60999999999999,151.60999999999999,
657285.63,463625.57,1002000,300137,Burgenland,154.76,154.76,151.36,,01.11.1991,1,11,1991,152.67,153.11,0.44,152.34,0.33,0.77,151.89999999999998,151.89999999999998,
657285.63,463625.57,1002000,300137,Burgenland,154.76,154.76,151.36,,01.12.1991,1,12,1991,152.86,153.11,0.25,152.34,0.52,0.77,152.09,152.09,
657285.63,463625.57,1002000,300137,Burgenland,154.76,154.76,151.36,,01.01.1992,1,1,1992,152.95,153.18,0.23,152.19,0.76,0.99,151.95999999999998,151.95999999999998,
657285.63,463625.57,1002000,300137,Burgenland,154.76,154.76,151.36,,01.02.1992,1,2,1992,152.67,153.18,0.51,152.19,0.48,0.99,151.67999999999998,151.67999999999998,
657285.63,463625.57,1002000,300137,Burgenland,154.76,154.76,151.36,,01.03.1992,1,3,1992,152.77,153.18,0.41,152.19,0.58,0.99,151.78,151.78,
657285.63,463625.57,1002000,300137,Burgenland,154.76,154.76,151.36,,01.04.1992,1,4,1992,152.82,153.18,0.36,152.19,0.63,0.99,151.82999999999998,151.82999999999998,
657285.63,463625.57,1002000,300137,Burgenland,154.76,154.76,151.36,,01.05.1992,1,5,1992,152.53,153.18,0.65,152.19,0.34,0.99,151.54,151.54,
657285.63,463625.57,1002000,300137,Burgenland,154.76,154.76,151.36,,01.06.1992,1,6,1992,152.75,153.18,0.43,152.19,0.56,0.99,151.76,151.76,
657285.63,463625.57,1002000,300137,Burgenland,154.76,154.76,151.36,,01.07.1992,1,7,1992,152.53,153.18,0.65,152.19,0.34,0.99,151.54,151.54,
657285.63,463625.57,1002000,300137,Burgenland,154.76,154.76,151.36,,01.08.1992,1,8,1992,152.31,153.18,0.87,152.19,0.12,0.99,151.32,151.32,
657285.63,463625.57,1002000,300137,Burgenland,154.76,154.76,151.36,,01.09.1992,1,9,1992,152.29,153.18,0.89,152.19,0.1,0.99,151.29999999999998,151.29999999999998,
657285.63,463625.57,1002000,300137,Burgenland,154.76,154.76,151.36,,01.10.1992,1,10,1992,152.32,153.18,0.86,152.19,0.13,0.99,151.32999999999998,151.32999999999998,
657285.63,463625.57,1002000,300137,Burgenland,154.76,154.76,151.36,,01.11.1992,1,11,1992,152.51,153.18,0.67,152.19,0.32,0.99,151.51999999999998,151.51999999999998,
657285.63,463625.57,1002000,300137,Burgenland,154.76,154.76,151.36,,01.12.1992,1,12,1992,152.95,153.18,0.23,152.19,0.76,0.99,151.95999999999998,151.95999999999998,
657285.63,463625.57,1002000,300137,Burgenland,154.76,154.76,151.36,,01.01.1993,1,1,1993,152.62,152.96,0.34,152.23,0.39,0.73,151.89000000000001,151.89000000000001,
657285.63,463625.57,1002000,300137,Burgenland,154.76,154.76,151.36,,01.02.1993,1,2,1993,152.6,152.96,0.36,152.23,0.37,0.73,151.87,151.87,
657285.63,463625.57,1002000,300137,Burgenland,154.76,154.76,151.36,,01.03.1993,1,3,1993,152.7,152.96,0.26,152.23,0.47,0.73,151.97,151.97,
657285.63,463625.57,1002000,300137,Burgenland,154.76,154.76,151.36,,01.04.1993,1,4,1993,152.66,152.96,0.3,152.23,0.43,0.73,151.93,151.93,
657285.63,463625.57,1002000,300137,Burgenland,154.76,154.76,151.36,,01.05.1993,1,5,1993,152.43,152.96,0.53,152.23,0.2,0.73,151.70000000000002,151.70000000000002,
657285.63,463625.57,1002000,300137,Burgenland,154.76,154.76,151.36,,01.06.1993,1,6,1993,152.35,152.96,0.61,152.23,0.12,0.73,151.62,151.62,
657285.63,463625.57,1002000,300137,Burgenland,154.76,154.76,151.36,,01.07.1993,1,7,1993,152.33,152.96,0.63,152.23,0.1,0.73,151.60000000000002,151.60000000000002,
657285.63,463625.57,1002000,300137,Burgenland,154.76,154.76,151.36,,01.08.1993,1,8,1993,152.32,152.96,0.64,152.23,0.09,0.73,151.59,151.59,
657285.63,463625.57,1002000,300137,Burgenland,154.76,154.76,151.36,,01.09.1993,1,9,1993,152.5,152.96,0.46,152.23,0.27,0.73,151.77,151.77,
657285.63,463625.57,1002000,300137,Burgenland,154.76,154.76,151.36,,01.10.1993,1,10,1993,152.67,152.96,0.29,152.23,0.44,0.73,151.94,151.94,
657285.63,463625.57,1002000,300137,Burgenland,154.76,154.76,151.36,,01.11.1993,1,11,1993,152.86,152.96,0.1,152.23,0.63,0.73,152.13000000000002,152.13000000000002,
657285.63,463625.57,1002000,300137,Burgenland,154.76,154.76,151.36,,01.12.1993,1,12,1993,152.76,152.96,0.2,152.23,0.53,0.73,152.03,152.03,
657285.63,463625.57,1002000,300137,Burgenland,154.76,154.76,151.36,,01.01.1994,1,1,1994,152.93,153.2,0.27,152.38,0.55,0.82,152.11,152.11,
657285.63,463625.57,1002000,300137,Burgenland,154.76,154.76,151.36,,01.02.1994,1,2,1994,152.74,153.2,0.46,152.38,0.36,0.82,151.92000000000002,151.92000000000002,
657285.63,463625.57,1002000,300137,Burgenland,154.76,154.76,151.36,,01.03.1994,1,3,1994,152.72,153.2,0.48,152.38,0.34,0.82,151.9,151.9,
657285.63,463625.57,1002000,300137,Burgenland,154.76,154.76,151.36,,01.04.1994,1,4,1994,153.09,153.2,0.11,152.38,0.71,0.82,152.27,152.27,
657285.63,463625.57,1002000,300137,Burgenland,154.76,154.76,151.36,,01.05.1994,1,5,1994,152.82,153.2,0.38,152.38,0.44,0.82,152.0,152.0,
657285.63,463625.57,1002000,300137,Burgenland,154.76,154.76,151.36,,01.06.1994,1,6,1994,152.66,153.2,0.54,152.38,0.28,0.82,151.84,151.84,
657285.63,463625.57,1002000,300137,Burgenland,154.76,154.76,151.36,,01.07.1994,1,7,1994,152.55,153.2,0.65,152.38,0.17,0.82,151.73000000000002,151.73000000000002,
657285.63,463625.57,1002000,300137,Burgenland,154.76,154.76,151.36,,01.08.1994,1,8,1994,152.47,153.2,0.73,152.38,0.09,0.82,151.65,151.65,
657285.63,463625.57,1002000,300137,Burgenland,154.76,154.76,151.36,,01.09.1994,1,9,1994,152.56,153.2,0.64,152.38,0.18,0.82,151.74,151.74,
657285.63,463625.57,1002000,300137,Burgenland,154.76,154.76,151.36,,01.10.1994,1,10,1994,152.6,153.2,0.6,152.38,0.22,0.82,151.78,151.78,
657285.63,463625.57,1002000,300137,Burgenland,154.76,154.76,151.36,,01.11.1994,1,11,1994,152.83,153.2,0.37,152.38,0.45,0.82,152.01000000000002,152.01000000000002,
657285.63,463625.57,1002000,300137,Burgenland,154.76,154.76,151.36,,01.12.1994,1,12,1994,153.07,153.2,0.13,152.38,0.69,0.82,152.25,152.25,
657285.63,463625.57,1002000,300137,Burgenland,154.76,154.76,151.36,,01.01.1995,1,1,1995,152.98,153.29,0.31,152.84,0.14,0.45,152.53,152.53,
657285.63,463625.57,1002000,300137,Burgenland,154.76,154.76,151.36,,01.02.1995,1,2,1995,152.9,153.29,0.39,152.84,0.06,0.45,152.45000000000002,152.45000000000002,
657285.63,463625.57,1002000,300137,Burgenland,154.76,154.76,151.36,,01.03.1995,1,3,1995,153.05,153.29,0.24,152.84,0.21,0.45,152.60000000000002,152.60000000000002,
657285.63,463625.57,1002000,300137,Burgenland,154.76,154.76,151.36,,01.04.1995,1,4,1995,153.06,153.29,0.23,152.84,0.22,0.45,152.61,152.61,
657285.63,463625.57,1002000,300137,Burgenland,154.76,154.76,151.36,,01.05.1995,1,5,1995,153.03,153.29,0.26,152.84,0.19,0.45,152.58,152.58,
657285.63,463625.57,1002000,300137,Burgenland,154.76,154.76,151.36,,01.06.1995,1,6,1995,153.11,153.29,0.18,152.84,0.27,0.45,152.66000000000003,152.66000000000003,
657285.63,463625.57,1002000,300137,Burgenland,154.76,154.76,151.36,,01.07.1995,1,7,1995,152.95,153.29,0.34,152.84,0.11,0.45,152.5,152.5,
657285.63,463625.57,1002000,300137,Burgenland,154.76,154.76,151.36,,01.08.1995,1,8,1995,152.88,153.29,0.41,152.84,0.04,0.45,152.43,152.43,
657285.63,463625.57,1002000,300137,Burgenland,154.76,154.76,151.36,,01.09.1995,1,9,1995,153.0,153.29,0.29,152.84,0.16,0.45,152.55,152.55,
657285.63,463625.57,1002000,300137,Burgenland,154.76,154.76,151.36,,01.10.1995,1,10,1995,152.99,153.29,0.3,152.84,0.15,0.45,152.54000000000002,152.54000000000002,
657285.63,463625.57,1002000,300137,Burgenland,154.76,154.76,151.36,,01.11.1995,1,11,1995,152.97,153.29,0.32,152.84,0.13,0.45,152.52,152.52,
657285.63,463625.57,1002000,300137,Burgenland,154.76,154.76,151.36,,01.12.1995,1,12,1995,153.18,153.29,0.11,152.84,0.34,0.45,152.73000000000002,152.73000000000002,
657285.63,463625.57,1002000,300137,Burgenland,154.76,154.76,151.36,,01.01.1996,1,1,1996,153.24,153.51,0.27,152.85,0.39,0.66,152.58,152.58,
657285.63,463625.57,1002000,300137,Burgenland,154.76,154.76,151.36,,01.02.1996,1,2,1996,153.11,153.51,0.4,152.85,0.26,0.66,152.45000000000002,152.45000000000002,
657285.63,463625.57,1002000,300137,Burgenland,154.76,154.76,151.36,,01.03.1996,1,3,1996,153.17,153.51,0.34,152.85,0.32,0.66,152.51,152.51,
657285.63,463625.57,1002000,300137,Burgenland,154.76,154.76,151.36,,01.04.1996,1,4,1996,153.14,153.51,0.37,152.85,0.29,0.66,152.48,152.48,
657285.63,463625.57,1002000,300137,Burgenland,154.76,154.76,151.36,,01.05.1996,1,5,1996,153.15,153.51,0.36,152.85,0.3,0.66,152.49,152.49,
657285.63,463625.57,1002000,300137,Burgenland,154.76,154.76,151.36,,01.06.1996,1,6,1996,153.1,153.51,0.41,152.85,0.25,0.66,152.44,152.44,
657285.63,463625.57,1002000,300137,Burgenland,154.76,154.76,151.36,,01.07.1996,1,7,1996,153.18,153.51,0.33,152.85,0.33,0.66,152.52,152.52,
657285.63,463625.57,1002000,300137,Burgenland,154.76,154.76,151.36,,01.08.1996,1,8,1996,152.93,153.51,0.58,152.85,0.08,0.66,152.27,152.27,
657285.63,463625.57,1002000,300137,Burgenland,154.76,154.76,151.36,,01.09.1996,1,9,1996,152.98,153.51,0.53,152.85,0.13,0.66,152.32,152.32,
657285.63,463625.57,1002000,300137,Burgenland,154.76,154.76,151.36,,01.10.1996,1,10,1996,153.1,153.51,0.41,152.85,0.25,0.66,152.44,152.44,
657285.63,463625.57,1002000,300137,Burgenland,154.76,154.76,151.36,,01.11.1996,1,11,1996,153.05,153.51,0.46,152.85,0.2,0.66,152.39000000000001,152.39000000000001,
657285.63,463625.57,1002000,300137,Burgenland,154.76,154.76,151.36,,01.12.1996,1,12,1996,153.05,153.51,0.46,152.85,0.2,0.66,152.39000000000001,152.39000000000001,
657285.63,463625.57,1002000,300137,Burgenland,154.76,154.76,151.36,,01.01.1997,1,1,1997,153.01,153.26,0.25,152.32,0.69,0.94,152.07,152.07,
657285.63,463625.57,1002000,300137,Burgenland,154.76,154.76,151.36,,01.02.1997,1,2,1997,153.03,153.26,0.23,152.32,0.71,0.94,152.09,152.09,
657285.63,463625.57,1002000,300137,Burgenland,154.76,154.76,151.36,,01.03.1997,1,3,1997,153.04,153.26,0.22,152.32,0.72,0.94,152.1,152.1,
657285.63,463625.57,1002000,300137,Burgenland,154.76,154.76,151.36,,01.04.1997,1,4,1997,153.06,153.26,0.2,152.32,0.74,0.94,152.12,152.12,
657285.63,463625.57,1002000,300137,Burgenland,154.76,154.76,151.36,,01.05.1997,1,5,1997,153.08,153.26,0.18,152.32,0.76,0.94,152.14000000000001,152.14000000000001,
657285.63,463625.57,1002000,300137,Burgenland,154.76,154.76,151.36,,01.06.1997,1,6,1997,153.0,153.26,0.26,152.32,0.68,0.94,152.06,152.06,
657285.63,463625.57,1002000,300137,Burgenland,154.76,154.76,151.36,,01.07.1997,1,7,1997,153.05,153.26,0.21,152.32,0.73,0.94,152.11,152.11,
657285.63,463625.57,1002000,300137,Burgenland,154.76,154.76,151.36,,01.08.1997,1,8,1997,153.15,153.26,0.11,152.32,0.83,0.94,152.21,152.21,
657285.63,463625.57,1002000,300137,Burgenland,154.76,154.76,151.36,,01.09.1997,1,9,1997,152.66,153.26,0.6,152.32,0.34,0.94,151.72,151.72,
657285.63,463625.57,1002000,300137,Burgenland,154.76,154.76,151.36,,01.10.1997,1,10,1997,152.36,153.26,0.9,152.32,0.04,0.94,151.42000000000002,151.42000000000002,
657285.63,463625.57,1002000,300137,Burgenland,154.76,154.76,151.36,,01.11.1997,1,11,1997,152.48,153.26,0.78,152.32,0.16,0.94,151.54,151.54,
657285.63,463625.57,1002000,300137,Burgenland,154.76,154.76,151.36,,01.12.1997,1,12,1997,152.63,153.26,0.63,152.32,0.31,0.94,151.69,151.69,
657285.63,463625.57,1002000,300137,Burgenland,154.76,154.76,151.36,,01.01.1998,1,1,1998,152.61,153.33,0.72,151.95,0.66,1.38,151.23000000000002,151.23000000000002,
657285.63,463625.57,1002000,300137,Burgenland,154.76,154.76,151.36,,01.02.1998,1,2,1998,152.47,153.33,0.86,151.95,0.52,1.38,151.09,151.09,
657285.63,463625.57,1002000,300137,Burgenland,154.76,154.76,151.36,,01.03.1998,1,3,1998,152.41,153.33,0.92,151.95,0.46,1.38,151.03,151.03,
657285.63,463625.57,1002000,300137,Burgenland,154.76,154.76,151.36,,01.04.1998,1,4,1998,152.34,153.33,0.99,151.95,0.39,1.38,150.96,150.96,
657285.63,463625.57,1002000,300137,Burgenland,154.76,154.76,151.36,,01.05.1998,1,5,1998,152.31,153.33,1.02,151.95,0.36,1.38,150.93,150.93,
657285.63,463625.57,1002000,300137,Burgenland,154.76,154.76,151.36,,01.06.1998,1,6,1998,152.15,153.33,1.18,151.95,0.2,1.38,150.77,150.77,
657285.63,463625.57,1002000,300137,Burgenland,154.76,154.76,151.36,,01.07.1998,1,7,1998,152.08,153.33,1.25,151.95,0.13,1.38,150.70000000000002,150.70000000000002,
657285.63,463625.57,1002000,300137,Burgenland,154.76,154.76,151.36,,01.08.1998,1,8,1998,151.99,153.33,1.34,151.95,0.04,1.38,150.61,150.61,
657285.63,463625.57,1002000,300137,Burgenland,154.76,154.76,151.36,,01.09.1998,1,9,1998,152.43,153.33,0.9,151.95,0.48,1.38,151.05,151.05,
657285.63,463625.57,1002000,300137,Burgenland,154.76,154.76,151.36,,01.10.1998,1,10,1998,152.84,153.33,0.49,151.95,0.89,1.38,151.46,151.46,
657285.63,463625.57,1002000,300137,Burgenland,154.76,154.76,151.36,,01.11.1998,1,11,1998,153.22,153.33,0.11,151.95,1.27,1.38,151.84,151.84,
657285.63,463625.57,1002000,300137,Burgenland,154.76,154.76,151.36,,01.12.1998,1,12,1998,153.12,153.33,0.21,151.95,1.17,1.38,151.74,151.74,
657285.63,463625.57,1002000,300137,Burgenland,154.76,154.76,151.36,,01.01.1999,1,1,1999,153.04,153.09,0.05,152.98,0.06,0.11,152.92999999999998,152.92999999999998,
657285.63,463625.57,1002000,300137,Burgenland,154.76,154.76,151.36,,01.02.1999,1,2,1999,153.03,153.09,0.06,152.98,0.05,0.11,152.92,152.92,
657285.63,463625.57,1002000,300137,Burgenland,154.76,154.76,151.36,,01.03.1999,1,3,1999,153.02,153.09,0.07,152.98,0.04,0.11,152.91,152.91,
657285.63,463625.57,1002000,300137,Burgenland,154.76,154.76,151.36,,01.04.1999,1,4,1999,153.0,153.09,0.09,152.98,0.02,0.11,152.89,152.89,
657285.63,463625.57,1002000,300137,Burgenland,154.76,154.76,151.36,,01.05.1999,1,5,1999,153.04,153.09,0.05,152.98,0.06,0.11,152.92999999999998,152.92999999999998,
657285.63,463625.57,1002000,300137,Burgenland,154.76,154.76,151.36,,01.06.1999,1,6,1999,153.04,153.09,0.05,152.98,0.06,0.11,152.92999999999998,152.92999999999998,
657285.63,463625.57,1002000,300137,Burgenland,154.76,154.76,151.36,,01.07.1999,1,7,1999,153.01,153.09,0.08,152.98,0.03,0.11,152.89999999999998,152.89999999999998,
657285.63,463625.57,1002000,300137,Burgenland,154.76,154.76,151.36,,01.08.1999,1,8,1999,152.99,153.09,0.1,152.98,0.01,0.11,152.88,152.88,
657285.63,463625.57,1002000,300137,Burgenland,154.76,154.76,151.36,,01.09.1999,1,9,1999,153.0,153.09,0.09,152.98,0.02,0.11,152.89,152.89,
657285.63,463625.57,1002000,300137,Burgenland,154.76,154.76,151.36,,01.10.1999,1,10,1999,153.07,153.09,0.02,152.98,0.09,0.11,152.95999999999998,152.95999999999998,
657285.63,463625.57,1002000,300137,Burgenland,154.76,154.76,151.36,,01.11.1999,1,11,1999,153.08,153.09,0.01,152.98,0.1,0.11,152.97,152.97,
657285.63,463625.57,1002000,300137,Burgenland,154.76,154.76,151.36,,01.12.1999,1,12,1999,153.05,153.09,0.04,152.98,0.07,0.11,152.94,152.94,
657285.63,463625.57,1002000,300137,Burgenland,154.76,154.76,151.36,,01.01.2001,1,1,2001,152.51,152.82,0.31,152.1,0.41,0.72,151.79,151.79,
657285.63,463625.57,1002000,300137,Burgenland,154.76,154.76,151.36,,01.02.2001,1,2,2001,152.38,152.82,0.44,152.1,0.28,0.72,151.66,151.66,
657285.63,463625.57,1002000,300137,Burgenland,154.76,154.76,151.36,,01.03.2001,1,3,2001,152.47,152.82,0.35,152.1,0.37,0.72,151.75,151.75,
657285.63,463625.57,1002000,300137,Burgenland,154.76,154.76,151.36,,01.04.2001,1,4,2001,152.54,152.82,0.28,152.1,0.44,0.72,151.82,151.82,
657285.63,463625.57,1002000,300137,Burgenland,154.76,154.76,151.36,,01.05.2001,1,5,2001,152.31,152.82,0.51,152.1,0.21,0.72,151.59,151.59,
657285.63,463625.57,1002000,300137,Burgenland,154.76,154.76,151.36,,01.06.2001,1,6,2001,152.23,152.82,0.59,152.1,0.13,0.72,151.51,151.51,
657285.63,463625.57,1002000,300137,Burgenland,154.76,154.76,151.36,,01.07.2001,1,7,2001,152.15,152.82,0.67,152.1,0.05,0.72,151.43,151.43,
657285.63,463625.57,1002000,300137,Burgenland,154.76,154.76,151.36,,01.08.2001,1,8,2001,152.28,152.82,0.54,152.1,0.18,0.72,151.56,151.56,
657285.63,463625.57,1002000,300137,Burgenland,154.76,154.76,151.36,,01.09.2001,1,9,2001,152.59,152.82,0.23,152.1,0.49,0.72,151.87,151.87,
657285.63,463625.57,1002000,300137,Burgenland,154.76,154.76,151.36,,01.10.2001,1,10,2001,152.42,152.82,0.4,152.1,0.32,0.72,151.7,151.7,
657285.63,463625.57,1002000,300137,Burgenland,154.76,154.76,151.36,,01.11.2001,1,11,2001,152.32,152.82,0.5,152.1,0.22,0.72,151.6,151.6,
657285.63,463625.57,1002000,300137,Burgenland,154.76,154.76,151.36,,01.12.2001,1,12,2001,152.47,152.82,0.35,152.1,0.37,0.72,151.75,151.75,
657285.63,463625.57,1002000,300137,Burgenland,154.76,154.76,151.36,,01.01.2002,1,1,2002,152.31,152.91,0.6,152.18,0.13,0.73,151.58,151.58,
657285.63,463625.57,1002000,300137,Burgenland,154.76,154.76,151.36,,01.02.2002,1,2,2002,152.42,152.91,0.49,152.18,0.24,0.73,151.69,151.69,
657285.63,463625.57,1002000,300137,Burgenland,154.76,154.76,151.36,,01.03.2002,1,3,2002,152.56,152.91,0.35,152.18,0.38,0.73,151.83,151.83,
657285.63,463625.57,1002000,300137,Burgenland,154.76,154.76,151.36,,01.04.2002,1,4,2002,152.62,152.91,0.29,152.18,0.44,0.73,151.89000000000001,151.89000000000001,
657285.63,463625.57,1002000,300137,Burgenland,154.76,154.76,151.36,,01.05.2002,1,5,2002,152.39,152.91,0.52,152.18,0.21,0.73,151.66,151.66,
657285.63,463625.57,1002000,300137,Burgenland,154.76,154.76,151.36,,01.06.2002,1,6,2002,152.3,152.91,0.61,152.18,0.12,0.73,151.57000000000002,151.57000000000002,
657285.63,463625.57,1002000,300137,Burgenland,154.76,154.76,151.36,,01.07.2002,1,7,2002,152.36,152.91,0.55,152.18,0.18,0.73,151.63000000000002,151.63000000000002,
657285.63,463625.57,1002000,300137,Burgenland,154.76,154.76,151.36,,01.08.2002,1,8,2002,152.45,152.91,0.46,152.18,0.27,0.73,151.72,151.72,
657285.63,463625.57,1002000,300137,Burgenland,154.76,154.76,151.36,,01.09.2002,1,9,2002,152.35,152.91,0.56,152.18,0.17,0.73,151.62,151.62,
657285.63,463625.57,1002000,300137,Burgenland,154.76,154.76,151.36,,01.10.2002,1,10,2002,152.66,152.91,0.25,152.18,0.48,0.73,151.93,151.93,
657285.63,463625.57,1002000,300137,Burgenland,154.76,154.76,151.36,,01.11.2002,1,11,2002,152.71,152.91,0.2,152.18,0.53,0.73,151.98000000000002,151.98000000000002,
657285.63,463625.57,1002000,300137,Burgenland,154.76,154.76,151.36,,01.12.2002,1,12,2002,152.71,152.91,0.2,152.18,0.53,0.73,151.98000000000002,151.98000000000002,
657285.63,463625.57,1002000,300137,Burgenland,154.76,154.76,151.36,,01.01.2003,1,1,2003,152.78,152.82,0.04,152.01,0.77,0.81,151.97,151.97,
657285.63,463625.57,1002000,300137,Burgenland,154.76,154.76,151.36,,01.02.2003,1,2,2003,152.64,152.82,0.18,152.01,0.63,0.81,151.82999999999998,151.82999999999998,
657285.63,463625.57,1002000,300137,Burgenland,154.76,154.76,151.36,,01.03.2003,1,3,2003,152.4,152.82,0.42,152.01,0.39,0.81,151.59,151.59,
657285.63,463625.57,1002000,300137,Burgenland,154.76,154.76,151.36,,01.04.2003,1,4,2003,152.31,152.82,0.51,152.01,0.3,0.81,151.5,151.5,
657285.63,463625.57,1002000,300137,Burgenland,154.76,154.76,151.36,,01.05.2003,1,5,2003,152.26,152.82,0.56,152.01,0.25,0.81,151.45,151.45,
657285.63,463625.57,1002000,300137,Burgenland,154.76,154.76,151.36,,01.06.2003,1,6,2003,152.28,152.82,0.54,152.01,0.27,0.81,151.47,151.47,
657285.63,463625.57,1002000,300137,Burgenland,154.76,154.76,151.36,,01.07.2003,1,7,2003,152.29,152.82,0.53,152.01,0.28,0.81,151.48,151.48,
657285.63,463625.57,1002000,300137,Burgenland,154.76,154.76,151.36,,01.08.2003,1,8,2003,152.17,152.82,0.65,152.01,0.16,0.81,151.35999999999999,151.35999999999999,
657285.63,463625.57,1002000,300137,Burgenland,154.76,154.76,151.36,,01.09.2003,1,9,2003,152.06,152.82,0.76,152.01,0.05,0.81,151.25,151.25,
657285.63,463625.57,1002000,300137,Burgenland,154.76,154.76,151.36,,01.10.2003,1,10,2003,152.2,152.82,0.62,152.01,0.19,0.81,151.39,151.39,
657285.63,463625.57,1002000,300137,Burgenland,154.76,154.76,151.36,,01.11.2003,1,11,2003,152.26,152.82,0.56,152.01,0.25,0.81,151.45,151.45,
657285.63,463625.57,1002000,300137,Burgenland,154.76,154.76,151.36,,01.12.2003,1,12,2003,152.19,152.82,0.63,152.01,0.18,0.81,151.38,151.38,
657285.63,463625.57,1002000,300137,Burgenland,154.76,154.76,151.36,,01.01.2004,1,1,2004,152.38,153.07,0.69,152.0,0.38,1.07,151.31,151.31,
657285.63,463625.57,1002000,300137,Burgenland,154.76,154.76,151.36,,01.02.2004,1,2,2004,152.57,153.07,0.5,152.0,0.57,1.07,151.5,151.5,
657285.63,463625.57,1002000,300137,Burgenland,154.76,154.76,151.36,,01.03.2004,1,3,2004,152.77,153.07,0.3,152.0,0.77,1.07,151.70000000000002,151.70000000000002,
657285.63,463625.57,1002000,300137,Burgenland,154.76,154.76,151.36,,01.04.2004,1,4,2004,152.75,153.07,0.32,152.0,0.75,1.07,151.68,151.68,
657285.63,463625.57,1002000,300137,Burgenland,154.76,154.76,151.36,,01.05.2004,1,5,2004,152.5,153.07,0.57,152.0,0.5,1.07,151.43,151.43,
657285.63,463625.57,1002000,300137,Burgenland,154.76,154.76,151.36,,01.06.2004,1,6,2004,152.6,153.07,0.47,152.0,0.6,1.07,151.53,151.53,
657285.63,463625.57,1002000,300137,Burgenland,154.76,154.76,151.36,,01.07.2004,1,7,2004,152.31,153.07,0.76,152.0,0.31,1.07,151.24,151.24,
657285.63,463625.57,1002000,300137,Burgenland,154.76,154.76,151.36,,01.08.2004,1,8,2004,152.12,153.07,0.95,152.0,0.12,1.07,151.05,151.05,
657285.63,463625.57,1002000,300137,Burgenland,154.76,154.76,151.36,,01.09.2004,1,9,2004,152.07,153.07,1.0,152.0,0.07,1.07,151.0,151.0,
657285.63,463625.57,1002000,300137,Burgenland,154.76,154.76,151.36,,01.10.2004,1,10,2004,152.2,153.07,0.87,152.0,0.2,1.07,151.13,151.13,
657285.63,463625.57,1002000,300137,Burgenland,154.76,154.76,151.36,,01.11.2004,1,11,2004,152.25,153.07,0.82,152.0,0.25,1.07,151.18,151.18,
657285.63,463625.57,1002000,300137,Burgenland,154.76,154.76,151.36,,01.12.2004,1,12,2004,152.19,153.07,0.88,152.0,0.19,1.07,151.12,151.12,
657285.63,463625.57,1002000,300137,Burgenland,154.76,154.76,151.36,,01.01.2005,1,1,2005,152.27,153.09,0.82,152.08,0.19,1.01,151.26000000000002,151.26000000000002,
657285.63,463625.57,1002000,300137,Burgenland,154.76,154.76,151.36,,01.02.2005,1,2,2005,152.43,153.09,0.66,152.08,0.35,1.01,151.42000000000002,151.42000000000002,
657285.63,463625.57,1002000,300137,Burgenland,154.76,154.76,151.36,,01.03.2005,1,3,2005,152.63,153.09,0.46,152.08,0.55,1.01,151.62,151.62,
657285.63,463625.57,1002000,300137,Burgenland,154.76,154.76,151.36,,01.04.2005,1,4,2005,152.48,153.09,0.61,152.08,0.4,1.01,151.47,151.47,
657285.63,463625.57,1002000,300137,Burgenland,154.76,154.76,151.36,,01.05.2005,1,5,2005,152.39,153.09,0.7,152.08,0.31,1.01,151.38,151.38,
657285.63,463625.57,1002000,300137,Burgenland,154.76,154.76,151.36,,01.06.2005,1,6,2005,152.27,153.09,0.82,152.08,0.19,1.01,151.26000000000002,151.26000000000002,
657285.63,463625.57,1002000,300137,Burgenland,154.76,154.76,151.36,,01.07.2005,1,7,2005,152.37,153.09,0.72,152.08,0.29,1.01,151.36,151.36,
657285.63,463625.57,1002000,300137,Burgenland,154.76,154.76,151.36,,01.08.2005,1,8,2005,152.59,153.09,0.5,152.08,0.51,1.01,151.58,151.58,
657285.63,463625.57,1002000,300137,Burgenland,154.76,154.76,151.36,,01.09.2005,1,9,2005,152.48,153.09,0.61,152.08,0.4,1.01,151.47,151.47,
657285.63,463625.57,1002000,300137,Burgenland,154.76,154.76,151.36,,01.10.2005,1,10,2005,152.24,153.09,0.85,152.08,0.16,1.01,151.23000000000002,151.23000000000002,
657285.63,463625.57,1002000,300137,Burgenland,154.76,154.76,151.36,,01.11.2005,1,11,2005,152.16,153.09,0.93,152.08,0.08,1.01,151.15,151.15,
657285.63,463625.57,1002000,300137,Burgenland,154.76,154.76,151.36,,01.12.2005,1,12,2005,152.44,153.09,0.65,152.08,0.36,1.01,151.43,151.43,
657285.63,463625.57,1002000,300137,Burgenland,154.76,154.76,151.36,,01.01.2006,1,1,2006,152.67,153.27,0.6,152.26,0.41,1.01,151.66,151.66,
657285.63,463625.57,1002000,300137,Burgenland,154.76,154.76,151.36,,01.02.2006,1,2,2006,152.51,153.27,0.76,152.26,0.25,1.01,151.5,151.5,
657285.63,463625.57,1002000,300137,Burgenland,154.76,154.76,151.36,,01.03.2006,1,3,2006,152.67,153.27,0.6,152.26,0.41,1.01,151.66,151.66,
657285.63,463625.57,1002000,300137,Burgenland,154.76,154.76,151.36,,01.04.2006,1,4,2006,152.6,153.27,0.67,152.26,0.34,1.01,151.59,151.59,
657285.63,463625.57,1002000,300137,Burgenland,154.76,154.76,151.36,,01.05.2006,1,5,2006,152.76,153.27,0.51,152.26,0.5,1.01,151.75,151.75,
657285.63,463625.57,1002000,300137,Burgenland,154.76,154.76,151.36,,01.06.2006,1,6,2006,153.02,153.27,0.25,152.26,0.76,1.01,152.01000000000002,152.01000000000002,
657285.63,463625.57,1002000,300137,Burgenland,154.76,154.76,151.36,,01.07.2006,1,7,2006,152.66,153.27,0.61,152.26,0.4,1.01,151.65,151.65,
657285.63,463625.57,1002000,300137,Burgenland,154.76,154.76,151.36,,01.08.2006,1,8,2006,152.71,153.27,0.56,152.26,0.45,1.01,151.70000000000002,151.70000000000002,
657285.63,463625.57,1002000,300137,Burgenland,154.76,154.76,151.36,,01.09.2006,1,9,2006,152.58,153.27,0.69,152.26,0.32,1.01,151.57000000000002,151.57000000000002,
657285.63,463625.57,1002000,300137,Burgenland,154.76,154.76,151.36,,01.10.2006,1,10,2006,152.34,153.27,0.93,152.26,0.08,1.01,151.33,151.33,
657285.63,463625.57,1002000,300137,Burgenland,154.76,154.76,151.36,,01.11.2006,1,11,2006,152.42,153.27,0.85,152.26,0.16,1.01,151.41,151.41,
657285.63,463625.57,1002000,300137,Burgenland,154.76,154.76,151.36,,01.12.2006,1,12,2006,152.4,153.27,0.87,152.26,0.14,1.01,151.39000000000001,151.39000000000001,
657285.63,463625.57,1002000,300137,Burgenland,154.76,154.76,151.36,,01.01.2007,1,1,2007,152.37,153.11,0.74,152.18,0.19,0.93,151.44,151.44,
657285.63,463625.57,1002000,300137,Burgenland,154.76,154.76,151.36,,01.02.2007,1,2,2007,152.57,153.11,0.54,152.18,0.39,0.93,151.64,151.64,
657285.63,463625.57,1002000,300137,Burgenland,154.76,154.76,151.36,,01.03.2007,1,3,2007,152.74,153.11,0.37,152.18,0.56,0.93,151.81,151.81,
657285.63,463625.57,1002000,300137,Burgenland,154.76,154.76,151.36,,01.04.2007,1,4,2007,152.73,153.11,0.38,152.18,0.55,0.93,151.79999999999998,151.79999999999998,
657285.63,463625.57,1002000,300137,Burgenland,154.76,154.76,151.36,,01.05.2007,1,5,2007,152.55,153.11,0.56,152.18,0.37,0.93,151.62,151.62,
657285.63,463625.57,1002000,300137,Burgenland,154.76,154.76,151.36,,01.06.2007,1,6,2007,152.4,153.11,0.71,152.18,0.22,0.93,151.47,151.47,
657285.63,463625.57,1002000,300137,Burgenland,154.76,154.76,151.36,,01.07.2007,1,7,2007,152.25,153.11,0.86,152.18,0.07,0.93,151.32,151.32,
657285.63,463625.57,1002000,300137,Burgenland,154.76,154.76,151.36,,01.08.2007,1,8,2007,152.28,153.11,0.83,152.18,0.1,0.93,151.35,151.35,
657285.63,463625.57,1002000,300137,Burgenland,154.76,154.76,151.36,,01.09.2007,1,9,2007,152.72,153.11,0.39,152.18,0.54,0.93,151.79,151.79,
657285.63,463625.57,1002000,300137,Burgenland,154.76,154.76,151.36,,01.10.2007,1,10,2007,152.66,153.11,0.45,152.18,0.48,0.93,151.73,151.73,
657285.63,463625.57,1002000,300137,Burgenland,154.76,154.76,151.36,,01.11.2007,1,11,2007,152.91,153.11,0.2,152.18,0.73,0.93,151.98,151.98,
657285.63,463625.57,1002000,300137,Burgenland,154.76,154.76,151.36,,01.12.2007,1,12,2007,152.92,153.11,0.19,152.18,0.74,0.93,151.98999999999998,151.98999999999998,
657285.63,463625.57,1002000,300137,Burgenland,154.76,154.76,151.36,,01.01.2008,1,1,2008,152.66,153.09,0.43,152.32,0.34,0.77,151.89,151.89,
657285.63,463625.57,1002000,300137,Burgenland,154.76,154.76,151.36,,01.02.2008,1,2,2008,152.59,153.09,0.5,152.32,0.27,0.77,151.82,151.82,
657285.63,463625.57,1002000,300137,Burgenland,154.76,154.76,151.36,,01.03.2008,1,3,2008,152.62,153.09,0.47,152.32,0.3,0.77,151.85,151.85,
657285.63,463625.57,1002000,300137,Burgenland,154.76,154.76,151.36,,01.04.2008,1,4,2008,152.55,153.09,0.54,152.32,0.23,0.77,151.78,151.78,
657285.63,463625.57,1002000,300137,Burgenland,154.76,154.76,151.36,,01.05.2008,1,5,2008,152.47,153.09,0.62,152.32,0.15,0.77,151.7,151.7,
657285.63,463625.57,1002000,300137,Burgenland,154.76,154.76,151.36,,01.06.2008,1,6,2008,152.82,153.09,0.27,152.32,0.5,0.77,152.04999999999998,152.04999999999998,
657285.63,463625.57,1002000,300137,Burgenland,154.76,154.76,151.36,,01.07.2008,1,7,2008,152.68,153.09,0.41,152.32,0.36,0.77,151.91,151.91,
657285.63,463625.57,1002000,300137,Burgenland,154.76,154.76,151.36,,01.08.2008,1,8,2008,152.61,153.09,0.48,152.32,0.29,0.77,151.84,151.84,
657285.63,463625.57,1002000,300137,Burgenland,154.76,154.76,151.36,,01.09.2008,1,9,2008,152.4,153.09,0.69,152.32,0.08,0.77,151.63,151.63,
657285.63,463625.57,1002000,300137,Burgenland,154.76,154.76,151.36,,01.10.2008,1,10,2008,152.43,153.09,0.66,152.32,0.11,0.77,151.66,151.66,
657285.63,463625.57,1002000,300137,Burgenland,154.76,154.76,151.36,,01.11.2008,1,11,2008,152.47,153.09,0.62,152.32,0.15,0.77,151.7,151.7,
657285.63,463625.57,1002000,300137,Burgenland,154.76,154.76,151.36,,01.12.2008,1,12,2008,152.7,153.09,0.39,152.32,0.38,0.77,151.92999999999998,151.92999999999998,
657285.63,463625.57,1002000,300137,Burgenland,154.76,154.76,151.36,,01.01.2009,1,1,2009,152.65,153.34,0.69,152.16,0.49,1.18,151.47,151.47,
657285.63,463625.57,1002000,300137,Burgenland,154.76,154.76,151.36,,01.02.2009,1,2,2009,153.03,153.34,0.31,152.16,0.87,1.18,151.85,151.85,
657285.63,463625.57,1002000,300137,Burgenland,154.76,154.76,151.36,,01.03.2009,1,3,2009,153.2,153.34,0.14,152.16,1.04,1.18,152.01999999999998,152.01999999999998,
657285.63,463625.57,1002000,300137,Burgenland,154.76,154.76,151.36,,01.04.2009,1,4,2009,152.8,153.34,0.54,152.16,0.64,1.18,151.62,151.62,
657285.63,463625.57,1002000,300137,Burgenland,154.76,154.76,151.36,,01.05.2009,1,5,2009,152.42,153.34,0.92,152.16,0.26,1.18,151.23999999999998,151.23999999999998,
657285.63,463625.57,1002000,300137,Burgenland,154.76,154.76,151.36,,01.06.2009,1,6,2009,152.43,153.34,0.91,152.16,0.27,1.18,151.25,151.25,
657285.63,463625.57,1002000,300137,Burgenland,154.76,154.76,151.36,,01.07.2009,1,7,2009,152.67,153.34,0.67,152.16,0.51,1.18,151.48999999999998,151.48999999999998,
657285.63,463625.57,1002000,300137,Burgenland,154.76,154.76,151.36,,01.08.2009,1,8,2009,152.42,153.34,0.92,152.16,0.26,1.18,151.23999999999998,151.23999999999998,
657285.63,463625.57,1002000,300137,Burgenland,154.76,154.76,151.36,,01.09.2009,1,9,2009,152.31,153.34,1.03,152.16,0.15,1.18,151.13,151.13,
657285.63,463625.57,1002000,300137,Burgenland,154.76,154.76,151.36,,01.10.2009,1,10,2009,152.22,153.34,1.12,152.16,0.06,1.18,151.04,151.04,
657285.63,463625.57,1002000,300137,Burgenland,154.76,154.76,151.36,,01.11.2009,1,11,2009,152.54,153.34,0.8,152.16,0.38,1.18,151.35999999999999,151.35999999999999,
657285.63,463625.57,1002000,300137,Burgenland,154.76,154.76,151.36,,01.12.2009,1,12,2009,152.58,153.34,0.76,152.16,0.42,1.18,151.4,151.4,
657285.63,463625.57,1002000,300137,Burgenland,154.76,154.76,151.36,,01.01.2010,1,1,2010,152.66,153.17,0.51,152.49,0.17,0.68,151.98,151.98,
657285.63,463625.57,1002000,300137,Burgenland,154.76,154.76,151.36,,01.02.2010,1,2,2010,152.66,153.17,0.51,152.49,0.17,0.68,151.98,151.98,
657285.63,463625.57,1002000,300137,Burgenland,154.76,154.76,151.36,,01.03.2010,1,3,2010,152.61,153.17,0.56,152.49,0.12,0.68,151.93,151.93,
657285.63,463625.57,1002000,300137,Burgenland,154.76,154.76,151.36,,01.04.2010,1,4,2010,152.75,153.17,0.42,152.49,0.26,0.68,152.07,152.07,
657285.63,463625.57,1002000,300137,Burgenland,154.76,154.76,151.36,,01.05.2010,1,5,2010,152.8,153.17,0.37,152.49,0.31,0.68,152.12,152.12,
657285.63,463625.57,1002000,300137,Burgenland,154.76,154.76,151.36,,01.06.2010,1,6,2010,152.96,153.17,0.21,152.49,0.47,0.68,152.28,152.28,
657285.63,463625.57,1002000,300137,Burgenland,154.76,154.76,151.36,,01.07.2010,1,7,2010,152.66,153.17,0.51,152.49,0.17,0.68,151.98,151.98,
657285.63,463625.57,1002000,300137,Burgenland,154.76,154.76,151.36,,01.08.2010,1,8,2010,152.65,153.17,0.52,152.49,0.16,0.68,151.97,151.97,
657285.63,463625.57,1002000,300137,Burgenland,154.76,154.76,151.36,,01.09.2010,1,9,2010,152.8,153.17,0.37,152.49,0.31,0.68,152.12,152.12,
657285.63,463625.57,1002000,300137,Burgenland,154.76,154.76,151.36,,01.10.2010,1,10,2010,152.83,153.17,0.34,152.49,0.34,0.68,152.15,152.15,
657285.63,463625.57,1002000,300137,Burgenland,154.76,154.76,151.36,,01.11.2010,1,11,2010,152.64,153.17,0.53,152.49,0.15,0.68,151.95999999999998,151.95999999999998,
657285.63,463625.57,1002000,300137,Burgenland,154.76,154.76,151.36,,01.12.2010,1,12,2010,152.95,153.17,0.22,152.49,0.46,0.68,152.26999999999998,152.26999999999998,
657285.63,463625.57,1002000,300137,Burgenland,154.76,154.76,151.36,,01.01.2011,1,1,2011,152.7,152.85,0.15,152.24,0.46,0.61,152.08999999999997,152.08999999999997,
657285.63,463625.57,1002000,300137,Burgenland,154.76,154.76,151.36,,01.03.2011,1,3,2011,152.63,152.85,0.22,152.24,0.39,0.61,152.01999999999998,152.01999999999998,
657285.63,463625.57,1002000,300137,Burgenland,154.76,154.76,151.36,,01.04.2011,1,4,2011,152.64,152.85,0.21,152.24,0.4,0.61,152.02999999999997,152.02999999999997,
657285.63,463625.57,1002000,300137,Burgenland,154.76,154.76,151.36,,01.05.2011,1,5,2011,152.63,152.85,0.22,152.24,0.39,0.61,152.01999999999998,152.01999999999998,
657285.63,463625.57,1002000,300137,Burgenland,154.76,154.76,151.36,,01.06.2011,1,6,2011,152.67,152.85,0.18,152.24,0.43,0.61,152.05999999999997,152.05999999999997,
657285.63,463625.57,1002000,300137,Burgenland,154.76,154.76,151.36,,01.07.2011,1,7,2011,152.61,152.85,0.24,152.24,0.37,0.61,152.0,152.0,
657285.63,463625.57,1002000,300137,Burgenland,154.76,154.76,151.36,,01.08.2011,1,8,2011,152.59,152.85,0.26,152.24,0.35,0.61,151.98,151.98,
657285.63,463625.57,1002000,300137,Burgenland,154.76,154.76,151.36,,01.09.2011,1,9,2011,152.42,152.85,0.43,152.24,0.18,0.61,151.80999999999997,151.80999999999997,
657285.63,463625.57,1002000,300137,Burgenland,154.76,154.76,151.36,,01.10.2011,1,10,2011,152.41,152.85,0.44,152.24,0.17,0.61,151.79999999999998,151.79999999999998,
657285.63,463625.57,1002000,300137,Burgenland,154.76,154.76,151.36,,01.11.2011,1,11,2011,152.39,152.85,0.46,152.24,0.15,0.61,151.77999999999997,151.77999999999997,
657285.63,463625.57,1002000,300137,Burgenland,154.76,154.76,151.36,,01.12.2011,1,12,2011,152.29,152.85,0.56,152.24,0.05,0.61,151.67999999999998,151.67999999999998,
657285.63,463625.57,1002000,300137,Burgenland,154.76,154.76,151.36,,01.01.2012,1,1,2012,152.55,152.9,0.35,152.33,0.22,0.57,151.98000000000002,151.98000000000002,
657285.63,463625.57,1002000,300137,Burgenland,154.76,154.76,151.36,,01.02.2012,1,2,2012,152.51,152.9,0.39,152.33,0.18,0.57,151.94,151.94,
657285.63,463625.57,1002000,300137,Burgenland,154.76,154.76,151.36,,01.03.2012,1,3,2012,152.51,152.9,0.39,152.33,0.18,0.57,151.94,151.94,
657285.63,463625.57,1002000,300137,Burgenland,154.76,154.76,151.36,,01.04.2012,1,4,2012,152.53,152.9,0.37,152.33,0.2,0.57,151.96,151.96,
657285.63,463625.57,1002000,300137,Burgenland,154.76,154.76,151.36,,01.05.2012,1,5,2012,152.51,152.9,0.39,152.33,0.18,0.57,151.94,151.94,
657285.63,463625.57,1002000,300137,Burgenland,154.76,154.76,151.36,,01.06.2012,1,6,2012,152.48,152.9,0.42,152.33,0.15,0.57,151.91,151.91,
657285.63,463625.57,1002000,300137,Burgenland,154.76,154.76,151.36,,01.07.2012,1,7,2012,152.5,152.9,0.4,152.33,0.17,0.57,151.93,151.93,
657285.63,463625.57,1002000,300137,Burgenland,154.76,154.76,151.36,,01.08.2012,1,8,2012,152.5,152.9,0.4,152.33,0.17,0.57,151.93,151.93,
657285.63,463625.57,1002000,300137,Burgenland,154.76,154.76,151.36,,01.09.2012,1,9,2012,152.37,152.9,0.53,152.33,0.04,0.57,151.8,151.8,
657285.63,463625.57,1002000,300137,Burgenland,154.76,154.76,151.36,,01.10.2012,1,10,2012,152.51,152.9,0.39,152.33,0.18,0.57,151.94,151.94,
657285.63,463625.57,1002000,300137,Burgenland,154.76,154.76,151.36,,01.11.2012,1,11,2012,152.79,152.9,0.11,152.33,0.46,0.57,152.22,152.22,
657285.63,463625.57,1002000,300137,Burgenland,154.76,154.76,151.36,,01.12.2012,1,12,2012,152.57,152.9,0.33,152.33,0.24,0.57,152.0,152.0,
657285.63,463625.57,1002000,300137,Burgenland,154.76,154.76,151.36,,01.01.2013,1,1,2013,152.88,153.6,0.72,152.17,0.71,1.43,151.45,151.45,
657285.63,463625.57,1002000,300137,Burgenland,154.76,154.76,151.36,,01.02.2013,1,2,2013,153.37,153.6,0.23,152.17,1.2,1.43,151.94,151.94,
657285.63,463625.57,1002000,300137,Burgenland,154.76,154.76,151.36,,01.03.2013,1,3,2013,153.21,153.6,0.39,152.17,1.04,1.43,151.78,151.78,
657285.63,463625.57,1002000,300137,Burgenland,154.76,154.76,151.36,,01.04.2013,1,4,2013,153.09,153.6,0.51,152.17,0.92,1.43,151.66,151.66,
657285.63,463625.57,1002000,300137,Burgenland,154.76,154.76,151.36,,01.05.2013,1,5,2013,152.67,153.6,0.93,152.17,0.5,1.43,151.23999999999998,151.23999999999998,
657285.63,463625.57,1002000,300137,Burgenland,154.76,154.76,151.36,,01.06.2013,1,6,2013,152.67,153.6,0.93,152.17,0.5,1.43,151.23999999999998,151.23999999999998,
657285.63,463625.57,1002000,300137,Burgenland,154.76,154.76,151.36,,01.07.2013,1,7,2013,152.42,153.6,1.18,152.17,0.25,1.43,150.98999999999998,150.98999999999998,
657285.63,463625.57,1002000,300137,Burgenland,154.76,154.76,151.36,,01.08.2013,1,8,2013,152.27,153.6,1.33,152.17,0.1,1.43,150.84,150.84,
657285.63,463625.57,1002000,300137,Burgenland,154.76,154.76,151.36,,01.09.2013,1,9,2013,152.57,153.6,1.03,152.17,0.4,1.43,151.14,151.14,
657285.63,463625.57,1002000,300137,Burgenland,154.76,154.76,151.36,,01.10.2013,1,10,2013,152.49,153.6,1.11,152.17,0.32,1.43,151.06,151.06,
657285.63,463625.57,1002000,300137,Burgenland,154.76,154.76,151.36,,01.11.2013,1,11,2013,152.6,153.6,1.0,152.17,0.43,1.43,151.17,151.17,
657285.63,463625.57,1002000,300137,Burgenland,154.76,154.76,151.36,,01.12.2013,1,12,2013,152.56,153.6,1.04,152.17,0.39,1.43,151.13,151.13,
657285.63,463625.57,1002000,300137,Burgenland,154.76,154.76,151.36,,01.01.2014,1,1,2014,152.45,153.6,1.15,152.32,0.13,1.28,151.17,151.17,
657285.63,463625.57,1002000,300137,Burgenland,154.76,154.76,151.36,,01.02.2014,1,2,2014,152.62,153.6,0.98,152.32,0.3,1.28,151.34,151.34,
657285.63,463625.57,1002000,300137,Burgenland,154.76,154.76,151.36,,01.03.2014,1,3,2014,152.64,153.6,0.96,152.32,0.32,1.28,151.35999999999999,151.35999999999999,
657285.63,463625.57,1002000,300137,Burgenland,154.76,154.76,151.36,,01.04.2014,1,4,2014,152.52,153.6,1.08,152.32,0.2,1.28,151.24,151.24,
657285.63,463625.57,1002000,300137,Burgenland,154.76,154.76,151.36,,01.05.2014,1,5,2014,152.78,153.6,0.82,152.32,0.46,1.28,151.5,151.5,
657285.63,463625.57,1002000,300137,Burgenland,154.76,154.76,151.36,,01.06.2014,1,6,2014,152.51,153.6,1.09,152.32,0.19,1.28,151.23,151.23,
657285.63,463625.57,1002000,300137,Burgenland,154.76,154.76,151.36,,01.07.2014,1,7,2014,152.39,153.6,1.21,152.32,0.07,1.28,151.10999999999999,151.10999999999999,
657285.63,463625.57,1002000,300137,Burgenland,154.76,154.76,151.36,,01.08.2014,1,8,2014,152.68,153.6,0.92,152.32,0.36,1.28,151.4,151.4,
657285.63,463625.57,1002000,300137,Burgenland,154.76,154.76,151.36,,01.09.2014,1,9,2014,153.28,153.6,0.32,152.32,0.96,1.28,152.0,152.0,
657285.63,463625.57,1002000,300137,Burgenland,154.76,154.76,151.36,,01.10.2014,1,10,2014,152.75,153.6,0.85,152.32,0.43,1.28,151.47,151.47,
657285.63,463625.57,1002000,300137,Burgenland,154.76,154.76,151.36,,01.11.2014,1,11,2014,152.66,153.6,0.94,152.32,0.34,1.28,151.38,151.38,
657285.63,463625.57,1002000,300137,Burgenland,154.76,154.76,151.36,,01.12.2014,1,12,2014,152.95,153.6,0.65,152.32,0.63,1.28,151.67,151.67,
657285.63,463625.57,1002000,300137,Burgenland,154.76,154.76,151.36,,01.01.2015,1,1,2015,152.9,153.11,0.21,152.12,0.78,0.99,151.91,151.91,
657285.63,463625.57,1002000,300137,Burgenland,154.76,154.76,151.36,,01.02.2015,1,2,2015,152.92,153.11,0.19,152.12,0.8,0.99,151.92999999999998,151.92999999999998,
657285.63,463625.57,1002000,300137,Burgenland,154.76,154.76,151.36,,01.03.2015,1,3,2015,152.7,153.11,0.41,152.12,0.58,0.99,151.70999999999998,151.70999999999998,
657285.63,463625.57,1002000,300137,Burgenland,154.76,154.76,151.36,,01.04.2015,1,4,2015,152.6,153.11,0.51,152.12,0.48,0.99,151.60999999999999,151.60999999999999,
657285.63,463625.57,1002000,300137,Burgenland,154.76,154.76,151.36,,01.05.2015,1,5,2015,152.56,153.11,0.55,152.12,0.44,0.99,151.57,151.57,
657285.63,463625.57,1002000,300137,Burgenland,154.76,154.76,151.36,,01.06.2015,1,6,2015,152.47,153.11,0.64,152.12,0.35,0.99,151.48,151.48,
657285.63,463625.57,1002000,300137,Burgenland,154.76,154.76,151.36,,01.07.2015,1,7,2015,152.21,153.11,0.9,152.12,0.09,0.99,151.22,151.22,
657285.63,463625.57,1002000,300137,Burgenland,154.76,154.76,151.36,,01.08.2015,1,8,2015,152.28,153.11,0.83,152.12,0.16,0.99,151.29,151.29,
657285.63,463625.57,1002000,300137,Burgenland,154.76,154.76,151.36,,01.09.2015,1,9,2015,152.24,153.11,0.87,152.12,0.12,0.99,151.25,151.25,
657285.63,463625.57,1002000,300137,Burgenland,154.76,154.76,151.36,,01.10.2015,1,10,2015,152.57,153.11,0.54,152.12,0.45,0.99,151.57999999999998,151.57999999999998,
657285.63,463625.57,1002000,300137,Burgenland,154.76,154.76,151.36,,01.11.2015,1,11,2015,152.53,153.11,0.58,152.12,0.41,0.99,151.54,151.54,
657285.63,463625.57,1002000,300137,Burgenland,154.76,154.76,151.36,,01.12.2015,1,12,2015,152.36,153.11,0.75,152.12,0.24,0.99,151.37,151.37,
657285.63,463625.57,1002000,300137,Burgenland,154.76,154.76,151.36,,01.01.2016,1,1,2016,152.52,152.96,0.44,152.27,0.25,0.69,151.83,151.83,
657285.63,463625.57,1002000,300137,Burgenland,154.76,154.76,151.36,,01.02.2016,1,2,2016,152.96,152.96,0.0,152.27,0.69,0.69,152.27,152.27,
657285.63,463625.57,1002000,300137,Burgenland,154.76,154.76,151.36,,01.03.2016,1,3,2016,152.66,152.96,0.3,152.27,0.39,0.69,151.97,151.97,
657285.63,463625.57,1002000,300137,Burgenland,154.76,154.76,151.36,,01.04.2016,1,4,2016,152.27,152.96,0.69,152.27,0.0,0.69,151.58,151.58,
657285.63,463625.57,1002000,300137,Burgenland,154.76,154.76,151.36,,01.05.2016,1,5,2016,152.43,152.96,0.53,152.27,0.16,0.69,151.74,151.74,
657285.63,463625.57,1002000,300137,Burgenland,154.76,154.76,151.36,,01.05.2017,1,5,2017,152.7,152.84,0.14,152.35,0.35,0.49,152.20999999999998,152.20999999999998,
657285.63,463625.57,1002000,300137,Burgenland,154.76,154.76,151.36,,01.06.2017,1,6,2017,152.54,152.84,0.3,152.35,0.19,0.49,152.04999999999998,152.04999999999998,
657285.63,463625.57,1002000,300137,Burgenland,154.76,154.76,151.36,,01.07.2017,1,7,2017,152.53,152.84,0.31,152.35,0.18,0.49,152.04,152.04,
657285.63,463625.57,1002000,300137,Burgenland,154.76,154.76,151.36,,01.08.2017,1,8,2017,152.35,152.84,0.49,152.35,0.0,0.49,151.85999999999999,151.85999999999999,
657285.63,463625.57,1002000,300137,Burgenland,154.76,154.76,151.36,,01.09.2017,1,9,2017,152.63,152.84,0.21,152.35,0.28,0.49,152.14,152.14,
657285.63,463625.57,1002000,300137,Burgenland,154.76,154.76,151.36,,01.10.2017,1,10,2017,152.54,152.84,0.3,152.35,0.19,0.49,152.04999999999998,152.04999999999998,
657285.63,463625.57,1002000,300137,Burgenland,154.76,154.76,151.36,,01.11.2017,1,11,2017,152.61,152.84,0.23,152.35,0.26,0.49,152.12,152.12,
657285.63,463625.57,1002000,300137,Burgenland,154.76,154.76,151.36,,01.12.2017,1,12,2017,152.84,152.84,0.0,152.35,0.49,0.49,152.35,152.35,
657285.63,463625.57,1002000,300137,Burgenland,154.76,154.76,151.36,,01.01.2018,1,1,2018,152.91,153.07,0.16,152.18,0.73,0.89,152.02,152.02,
657285.63,463625.57,1002000,300137,Burgenland,154.76,154.76,151.36,,01.02.2018,1,2,2018,152.89,153.07,0.18,152.18,0.71,0.89,152.0,152.0,
657285.63,463625.57,1002000,300137,Burgenland,154.76,154.76,151.36,,01.03.2018,1,3,2018,152.95,153.07,0.12,152.18,0.77,0.89,152.06,152.06,
657285.63,463625.57,1002000,300137,Burgenland,154.76,154.76,151.36,,01.04.2018,1,4,2018,152.72,153.07,0.35,152.18,0.54,0.89,151.83,151.83,
657285.63,463625.57,1002000,300137,Burgenland,154.76,154.76,151.36,,01.05.2018,1,5,2018,152.39,153.07,0.68,152.18,0.21,0.89,151.5,151.5,
657285.63,463625.57,1002000,300137,Burgenland,154.76,154.76,151.36,,01.06.2018,1,6,2018,152.44,153.07,0.63,152.18,0.26,0.89,151.55,151.55,
657285.63,463625.57,1002000,300137,Burgenland,154.76,154.76,151.36,,01.07.2018,1,7,2018,152.5,153.07,0.57,152.18,0.32,0.89,151.61,151.61,
657285.63,463625.57,1002000,300137,Burgenland,154.76,154.76,151.36,,01.08.2018,1,8,2018,152.32,153.07,0.75,152.18,0.14,0.89,151.43,151.43,
657285.63,463625.57,1002000,300137,Burgenland,154.76,154.76,151.36,,01.09.2018,1,9,2018,152.62,153.07,0.45,152.18,0.44,0.89,151.73000000000002,151.73000000000002,
657285.63,463625.57,1002000,300137,Burgenland,154.76,154.76,151.36,,01.10.2018,1,10,2018,152.31,153.07,0.76,152.18,0.13,0.89,151.42000000000002,151.42000000000002,
657285.63,463625.57,1002000,300137,Burgenland,154.76,154.76,151.36,,01.11.2018,1,11,2018,152.41,153.07,0.66,152.18,0.23,0.89,151.52,151.52,
657285.63,463625.57,1002000,300137,Burgenland,154.76,154.76,151.36,,01.12.2018,1,12,2018,152.9,153.07,0.17,152.18,0.72,0.89,152.01000000000002,152.01000000000002,
657285.63,463625.57,1002000,300137,Burgenland,154.76,154.76,151.36,,01.01.2019,1,1,2019,152.86,152.99,0.13,152.14,0.72,0.85,152.01000000000002,152.01000000000002,
657285.63,463625.57,1002000,300137,Burgenland,154.76,154.76,151.36,,01.02.2019,1,2,2019,152.64,152.99,0.35,152.14,0.5,0.85,151.79,151.79,
657285.63,463625.57,1002000,300137,Burgenland,154.76,154.76,151.36,,01.03.2019,1,3,2019,152.59,152.99,0.4,152.14,0.45,0.85,151.74,151.74,
657285.63,463625.57,1002000,300137,Burgenland,154.76,154.76,151.36,,01.04.2019,1,4,2019,152.42,152.99,0.57,152.14,0.28,0.85,151.57,151.57,
657285.63,463625.57,1002000,300137,Burgenland,154.76,154.76,151.36,,01.05.2019,1,5,2019,152.8,152.99,0.19,152.14,0.66,0.85,151.95000000000002,151.95000000000002,
657285.63,463625.57,1002000,300137,Burgenland,154.76,154.76,151.36,,01.06.2019,1,6,2019,152.6,152.99,0.39,152.14,0.46,0.85,151.75,151.75,
657285.63,463625.57,1002000,300137,Burgenland,154.76,154.76,151.36,,01.07.2019,1,7,2019,152.19,152.99,0.8,152.14,0.05,0.85,151.34,151.34,
657285.63,463625.57,1002000,300137,Burgenland,154.76,154.76,151.36,,01.08.2019,1,8,2019,152.23,152.99,0.76,152.14,0.09,0.85,151.38,151.38,
657285.63,463625.57,1002000,300137,Burgenland,154.76,154.76,151.36,,01.09.2019,1,9,2019,152.5,152.99,0.49,152.14,0.36,0.85,151.65,151.65,
657285.63,463625.57,1002000,300137,Burgenland,154.76,154.76,151.36,,01.10.2019,1,10,2019,152.25,152.99,0.74,152.14,0.11,0.85,151.4,151.4,
657285.63,463625.57,1002000,300137,Burgenland,154.76,154.76,151.36,,01.11.2019,1,11,2019,152.3,152.99,0.69,152.14,0.16,0.85,151.45000000000002,151.45000000000002,
657285.63,463625.57,1002000,300137,Burgenland,154.76,154.76,151.36,,01.12.2019,1,12,2019,152.43,152.99,0.56,152.14,0.29,0.85,151.58,151.58,
657285.63,463625.57,1002000,300137,Burgenland,154.76,154.76,151.36,,01.01.2020,1,1,2020,152.4,153.11,0.71,152.22,0.18,0.89,151.51000000000002,151.51000000000002,
657285.63,463625.57,1002000,300137,Burgenland,154.76,154.76,151.36,,01.02.2020,1,2,2020,152.4,153.11,0.71,152.22,0.18,0.89,151.51000000000002,151.51000000000002,
657285.63,463625.57,1002000,300137,Burgenland,154.76,154.76,151.36,,01.03.2020,1,3,2020,152.45,153.11,0.66,152.22,0.23,0.89,151.56,151.56,
657285.63,463625.57,1002000,300137,Burgenland,154.76,154.76,151.36,,01.04.2020,1,4,2020,152.31,153.11,0.8,152.22,0.09,0.89,151.42000000000002,151.42000000000002,
657285.63,463625.57,1002000,300137,Burgenland,154.76,154.76,151.36,,01.05.2020,1,5,2020,152.36,153.11,0.75,152.22,0.14,0.89,151.47000000000003,151.47000000000003,
657285.63,463625.57,1002000,300137,Burgenland,154.76,154.76,151.36,,01.06.2020,1,6,2020,152.76,153.11,0.35,152.22,0.54,0.89,151.87,151.87,
657285.63,463625.57,1002000,300137,Burgenland,154.76,154.76,151.36,,01.07.2020,1,7,2020,152.55,153.11,0.56,152.22,0.33,0.89,151.66000000000003,151.66000000000003,
657285.63,463625.57,1002000,300137,Burgenland,154.76,154.76,151.36,,01.08.2020,1,8,2020,152.47,153.11,0.64,152.22,0.25,0.89,151.58,151.58,
657285.63,463625.57,1002000,300137,Burgenland,154.76,154.76,151.36,,01.09.2020,1,9,2020,152.63,153.11,0.48,152.22,0.41,0.89,151.74,151.74,
657285.63,463625.57,1002000,300137,Burgenland,154.76,154.76,151.36,,01.10.2020,1,10,2020,153.0,153.11,0.11,152.22,0.78,0.89,152.11,152.11,
657285.63,463625.57,1002000,300137,Burgenland,154.76,154.76,151.36,,01.11.2020,1,11,2020,152.71,153.11,0.4,152.22,0.49,0.89,151.82000000000002,151.82000000000002,
657285.63,463625.57,1002000,300137,Burgenland,154.76,154.76,151.36,,01.12.2020,1,12,2020,152.67,153.11,0.44,152.22,0.45,0.89,151.78,151.78,
657285.63,463625.57,1002000,300137,Burgenland,154.76,154.76,151.36,,01.01.2021,1,1,2021,152.73,152.93,0.2,152.15,0.58,0.78,151.95,151.95,
657285.63,463625.57,1002000,300137,Burgenland,154.76,154.76,151.36,,01.02.2021,1,2,2021,152.73,152.93,0.2,152.15,0.58,0.78,151.95,151.95,
657285.63,463625.57,1002000,300137,Burgenland,154.76,154.76,151.36,,01.03.2021,1,3,2021,152.41,152.93,0.52,152.15,0.26,0.78,151.63,151.63,
657285.63,463625.57,1002000,300137,Burgenland,154.76,154.76,151.36,,01.04.2021,1,4,2021,152.42,152.93,0.51,152.15,0.27,0.78,151.64,151.64,
657285.63,463625.57,1002000,300137,Burgenland,154.76,154.76,151.36,,01.05.2021,1,5,2021,152.53,152.93,0.4,152.15,0.38,0.78,151.75,151.75,
657285.63,463625.57,1002000,300137,Burgenland,154.76,154.76,151.36,,01.06.2021,1,6,2021,152.38,152.93,0.55,152.15,0.23,0.78,151.6,151.6,
657285.63,463625.57,1002000,300137,Burgenland,154.76,154.76,151.36,,01.07.2021,1,7,2021,152.33,152.93,0.6,152.15,0.18,0.78,151.55,151.55,
657285.63,463625.57,1002000,300137,Burgenland,154.76,154.76,151.36,,01.08.2021,1,8,2021,152.48,152.93,0.45,152.15,0.33,0.78,151.7,151.7,
657285.63,463625.57,1002000,300137,Burgenland,154.76,154.76,151.36,,01.09.2021,1,9,2021,152.43,152.93,0.5,152.15,0.28,0.78,151.65,151.65,
657285.63,463625.57,1002000,300137,Burgenland,154.76,154.76,151.36,,01.10.2021,1,10,2021,152.51,152.93,0.42,152.15,0.36,0.78,151.73,151.73,
657285.63,463625.57,1002000,300137,Burgenland,154.76,154.76,151.36,,01.11.2021,1,11,2021,152.45,152.93,0.48,152.15,0.3,0.78,151.67,151.67,
657285.63,463625.57,1002000,300137,Burgenland,154.76,154.76,151.36,,01.12.2021,1,12,2021,152.73,152.93,0.2,152.15,0.58,0.78,151.95,151.95,
